{"stats":{"minecraft:broken":{"cte_essentials:plate_0_leggings":1,"cte_essentials:plate_1_helmet":1,"minecraft:wooden_axe":1},"minecraft:used":{"minecraft:spruce_slab":4,"minecraft:ladder":1,"minecraft:decorated_pot":2,"minecraft:chest":3,"cte_essentials:cloth_1_chestplate":8,"minecraft:wooden_shovel":18,"lootr:trophy":1,"minecraft:torch":20,"minecraft:dirt":17,"minecraft:spruce_fence":5,"minecraft:wooden_axe":100,"roe_weapons:sword_1":387,"minecraft:redstone_lamp":1,"biomeswevegone:pine_planks":141,"minecraft:furnace":2,"minecraft:acacia_planks":59,"minecraft:acacia_boat":1,"minecraft:water_bucket":2,"minecraft:stone_pickaxe":62,"minecraft:blackstone":4,"minecraft:wooden_pickaxe":21,"minecraft:redstone_block":1,"minecraft:white_wool":2,"farmersdelight:onion":3,"minecraft:crafting_table":7,"cte_essentials:cloth_2_chestplate":9,"minecraft:acacia_door":1,"minecraft:light_gray_concrete":47,"minecraft:bread":18,"minecraft:iron_pickaxe":176,"roe_weapons:hammer_0":50,"minecraft:coal_block":6,"born_in_chaos_v1:mesh_door":2,"biomeswevegone:araucaria_sapling":12,"minecraft:cobblestone":36,"minecraft:bucket":1,"biomeswevegone:pine_crafting_table":1,"minecraft:gray_wool":3,"roe_weapons:crossbow_5":5},"minecraft:killed":{"born_in_chaos_v1:restless_spirit":4,"born_in_chaos_v1:skeleton_demoman":1,"minecraft:spider":2,"born_in_chaos_v1:siamese_skeletonsright":2,"born_in_chaos_v1:zombie_bruiser":3,"born_in_chaos_v1:baby_skeleton_minion":2,"born_in_chaos_v1:maggot":8,"minecraft:skeleton":12,"crabbersdelight:crab":2,"born_in_chaos_v1:firelight_not_despawn":1,"minecraft:magma_cube":9,"born_in_chaos_v1:bonescaller":1,"born_in_chaos_v1:baby_skeleton":4,"born_in_chaos_v1:swarmer":1,"riskofrain_mobs:lemurian_entity":1,"mutantmonsters:mutant_skeleton":1,"minecraft:creeper":3,"born_in_chaos_v1:decrepit_skeleton":5,"minecraft:sheep":4,"born_in_chaos_v1:phantom_creeper_copy":1,"born_in_chaos_v1:decaying_zombie":1,"mutantmonsters:creeper_minion":2,"minecraft:zombie":21,"born_in_chaos_v1:dread_hound":4,"born_in_chaos_v1:corpse_fly":5,"riskofrain_mobs:stone_golem_entity":1,"mutantmonsters:mutant_creeper":1,"born_in_chaos_v1:door_knight":1,"born_in_chaos_v1:siamese_skeletonsleft":2},"minecraft:killed_by":{"riskofrain_mobs:stone_golem_entity":1,"mutantmonsters:mutant_zombie":1,"born_in_chaos_v1:skeleton_thrasher":1,"born_in_chaos_v1:corpse_fly":1,"minecraft:zombie":2,"born_in_chaos_v1:dread_hound":1},"minecraft:crafted":{"mmorpg:stone/1":21,"biomeswevegone:pine_planks":50,"minecraft:coal":8,"mmorpg:stone/2":5,"minecraft:furnace":2,"minecraft:stone_pickaxe":1,"minecraft:chest":3,"minecraft:redstone_block":5,"sophisticatedbackpacks:iron_backpack":1,"minecraft:coal_block":9,"minecraft:wooden_shovel":1,"minecraft:crafting_table":4,"minecraft:wooden_pickaxe":2,"born_in_chaos_v1:bone_heart":1,"biomeswevegone:pine_crafting_table":1,"minecraft:air":400,"minecraft:acacia_boat":1,"minecraft:charcoal":27,"minecraft:stick":12,"minecraft:iron_ingot":7,"minecraft:wooden_axe":2,"mmorpg:master_bag":1,"minecraft:acacia_planks":58,"minecraft:torch":4},"minecraft:dropped":{"farmersdelight:tomato_seeds":5,"minecraft:wheat_seeds":16,"minecraft:oak_log":2,"minecraft:cobblestone":25,"roe_weapons:hammer_2":1,"roe_weapons:totem_2":1,"minecraft:coal_block":8,"minecraft:stick":2,"minecraft:coal":1,"minecraft:torch":4,"farmersdelight:onion":119,"roe_weapons:dagger_0":1,"minecraft:string":3,"minecraft:white_wool":9,"minecraft:acacia_planks":13,"minecraft:redstone":4,"minecraft:gravel":2,"minecraft:coarse_dirt":2,"minecraft:wheat":2,"farmersdelight:cabbage_seeds":4,"minecraft:rotten_flesh":1,"minecraft:light_gray_concrete":38,"mmorpg:master_bag":1,"roe_weapons:axe_0":1,"minecraft:shield":1,"minecraft:gunpowder":1,"cte_essentials:cloth_0_helmet":1,"born_in_chaos_v1:corpse_maggot":2,"minecraft:acacia_sapling":15,"minecraft:stone_bricks":1,"doggytalents:rice_grains":1,"minecraft:spruce_slab":1,"biomeswevegone:weeping_milkcap":1,"minecraft:wooden_pickaxe":3,"minecraft:stone_pickaxe":2,"farmersdelight:tomato":22,"cte_essentials:cloth_0_leggings":1},"minecraft:mined":{"farmersdelight:onions":3,"minecraft:quartz_stairs":1,"projectvibrantjourneys:rocks":2,"minecraft:lever":1,"minecraft:acacia_log":24,"minecraft:spruce_fence":8,"minecraft:grass_block":10,"minecraft:decorated_pot":2,"minecraft:redstone_wire":14,"minecraft:coal_block":13,"minecraft:red_stained_glass_pane":1,"biomeswevegone:pine_log":77,"minecraft:hay_block":3,"minecraft:black_stained_glass_pane":3,"minecraft:furnace":2,"minecraft:iron_ore":8,"minecraft:acacia_wood":1,"minecraft:dark_oak_stairs":1,"minecraft:light_gray_concrete":70,"minecraft:stone":43,"minecraft:white_wool":2,"minecraft:spruce_slab":9,"minecraft:tripwire":4,"born_in_chaos_v1:mesh_door":1,"minecraft:acacia_leaves":27,"minecraft:redstone_block":4,"minecraft:gray_concrete":4,"minecraft:glass_pane":1,"minecraft:chiseled_quartz_block":13,"minecraft:crafting_table":4,"minecraft:copper_ore":15,"minecraft:tall_grass":7,"minecraft:cobblestone":15,"minecraft:oak_planks":4,"biomeswevegone:araucaria_leaves":95,"minecraft:spruce_stairs":2,"minecraft:gray_wool":1,"minecraft:coarse_dirt":1,"minecraft:repeater":7,"lootr:trophy":1,"minecraft:light_gray_stained_glass":2,"minecraft:stone_brick_stairs":6,"minecraft:smooth_stone_slab":2,"minecraft:grass":18,"projectvibrantjourneys:short_grass":5,"minecraft:dirt":21,"minecraft:smooth_quartz":25,"biomeswevegone:pine_planks":12,"minecraft:sandstone_wall":2,"minecraft:acacia_planks":4,"minecraft:stone_bricks":1,"pots_and_mimics:treasure_pot":2,"minecraft:piston":4,"minecraft:redstone_lamp":1},"minecraft:picked_up":{"minecraft:wheat":2,"minecraft:crafting_table":3,"minecraft:coarse_dirt":2,"minecraft:redstone_block":4,"mmorpg:gems/sapphire/0":1,"minecraft:ladder":1,"born_in_chaos_v1:seedof_chaos":1,"minecraft:redstone_lamp":1,"biomeswevegone:pine_log":77,"minecraft:wooden_pickaxe":1,"farmersdelight:rice_panicle":7,"roe_weapons:crossbow_0":1,"mmorpg:jewelry/ring/iron":1,"biomeswevegone:pine_planks":12,"minecraft:shield":1,"cte_essentials:cloth_1_helmet":1,"cte_essentials:cloth_0_leggings":1,"minecraft:string":3,"born_in_chaos_v1:mesh_door":2,"minecraft:raw_copper":51,"minecraft:acacia_door":1,"minecraft:smooth_stone_slab":2,"minecraft:blackstone":4,"cte_essentials:cloth_2_chestplate":1,"farmersdelight:cabbage":6,"roe_weapons:scythe_0":3,"cte_essentials:cloth_0_helmet":1,"born_in_chaos_v1:gnawed_bones":1,"minecraft:light_gray_wool":1,"minecraft:spruce_slab":6,"minecraft:smooth_quartz":8,"roe_weapons:totem_2":1,"minecraft:coal_block":21,"farmersdelight:cabbage_seeds":13,"mmorpg:gems/amethyst/0":1,"minecraft:piston":4,"mmorpg:material/mining/0":3,"minecraft:stick":8,"mmorpg:gems/emerald/0":1,"minecraft:raw_iron":7,"born_in_chaos_v1:shattered_skull":1,"cte_essentials:cloth_0_chestplate":1,"minecraft:torch":4,"minecraft:acacia_log":28,"minecraft:spruce_fence":7,"farmersdelight:tomato_seeds":2,"born_in_chaos_v1:pieceofdarkmetal":2,"minecraft:redstone":22,"cte_essentials:plate_0_leggings":1,"roe_weapons:gauntlet_0":2,"roe_weapons:dagger_0":1,"biomeswevegone:weeping_milkcap":2,"minecraft:arrow":14,"minecraft:rotten_flesh":36,"minecraft:decorated_pot":2,"farmersdelight:onion":122,"minecraft:hay_block":3,"mmorpg:master_bag":1,"supplementaries:ash":1,"minecraft:mutton":5,"minecraft:cobblestone":80,"minecraft:white_wool":2,"born_in_chaos_v1:fused_bone":4,"roe_weapons:tome_0":1,"roe_weapons:spear_0":1,"born_in_chaos_v1:corpse_maggot":11,"minecraft:air":0,"minecraft:repeater":7,"born_in_chaos_v1:monster_flesh":3,"cte_essentials:cloth_1_chestplate":1,"biomeswevegone:araucaria_sapling":12,"minecraft:chiseled_quartz_block":2,"doggytalents:rice_grains":2,"minecraft:oak_log":2,"minecraft:gunpowder":7,"minecraft:acacia_boat":1,"minecraft:lantern":1,"farmersdelight:tomato":22,"minecraft:dirt":43,"lootr:trophy":1,"born_in_chaos_v1:monster_skin":2,"minecraft:bone":21,"minecraft:acacia_planks":17,"minecraft:apple":1,"minecraft:stone_bricks":1,"minecraft:wheat_seeds":14,"minecraft:stone_pickaxe":1,"minecraft:iron_ingot":1,"minecraft:oak_planks":4,"minecraft:acacia_sapling":16,"roe_weapons:hammer_2":2,"cte_essentials:leather_0_boots":2,"crabbersdelight:crab":2,"roe_weapons:shield_0":1,"born_in_chaos_v1:ethereal_spirit":4,"minecraft:gravel":2,"roe_weapons:axe_0":1,"minecraft:spider_eye":1,"minecraft:light_gray_concrete":85,"minecraft:slime_ball":1,"minecraft:gray_wool":1,"roe_weapons:sword_0":3,"roe_weapons:kunai_0":1,"minecraft:black_wool":1,"minecraft:coal":1},"minecraft:custom":{"minecraft:blood":0,"lootr:looted_stat":126,"minecraft:mob_kills":107,"minecraft:interact_with_crafting_table":27,"minecraft:damage_dealt_resisted":737,"minecraft:leave_game":3,"minecraft:time_since_death":22395,"minecraft:climb_one_cm":18317,"minecraft:damage_resisted":17,"minecraft:mana":50,"minecraft:magic_shield":0,"minecraft:sprint_one_cm":471874,"minecraft:walk_one_cm":954572,"minecraft:drop":66,"minecraft:health":118,"minecraft:damage_dealt_absorbed":21,"minecraft:play_time":487978,"minecraft:deaths":7,"minecraft:sneak_time":14711,"minecraft:walk_under_water_one_cm":249,"minecraft:boat_one_cm":44245,"minecraft:jump":2166,"minecraft:interact_with_brewingstand":1,"minecraft:energy":50,"minecraft:walk_on_water_one_cm":2741,"minecraft:total_world_time":487978,"minecraft:interact_with_furnace":15,"minecraft:tune_noteblock":1,"minecraft:sleep_in_bed":11,"minecraft:levels_gained":1,"minecraft:time_since_rest":22423,"minecraft:damage_taken":6346,"minecraft:damage_absorbed":2822,"minecraft:damage_dealt":22030,"minecraft:fly_one_cm":350111,"minecraft:swim_one_cm":212,"minecraft:open_chest":16,"minecraft:crouch_one_cm":26200,"waystones:waystone_activated":4,"minecraft:fall_one_cm":56935,"minecraft:inspect_dispenser":6,"minecraft:horse_one_cm":28829}},"DataVersion":3465}