{"stats":{"minecraft:broken":{"minecraft:wooden_axe":1},"minecraft:used":{"minecraft:chest":1,"cte_essentials:cloth_1_chestplate":8,"lootr:trophy":1,"minecraft:wooden_shovel":18,"minecraft:torch":4,"minecraft:dirt":16,"minecraft:wooden_axe":100,"roe_weapons:sword_1":134,"minecraft:furnace":1,"biomeswevegone:pine_planks":141,"minecraft:acacia_planks":59,"minecraft:acacia_boat":1,"minecraft:water_bucket":2,"minecraft:stone_pickaxe":61,"minecraft:blackstone":4,"minecraft:wooden_pickaxe":21,"minecraft:white_wool":2,"farmersdelight:onion":3,"minecraft:crafting_table":7,"cte_essentials:cloth_2_chestplate":9,"minecraft:acacia_door":1,"minecraft:bread":9,"roe_weapons:hammer_0":50,"born_in_chaos_v1:mesh_door":1,"biomeswevegone:araucaria_sapling":12,"minecraft:cobblestone":23,"minecraft:bucket":1,"biomeswevegone:pine_crafting_table":1,"minecraft:gray_wool":2},"minecraft:killed":{"born_in_chaos_v1:restless_spirit":3,"minecraft:spider":1,"born_in_chaos_v1:siamese_skeletonsright":2,"born_in_chaos_v1:zombie_bruiser":1,"born_in_chaos_v1:maggot":8,"minecraft:skeleton":1,"crabbersdelight:crab":2,"born_in_chaos_v1:baby_skeleton":2,"born_in_chaos_v1:swarmer":1,"riskofrain_mobs:lemurian_entity":1,"minecraft:creeper":2,"born_in_chaos_v1:decrepit_skeleton":2,"minecraft:sheep":2,"minecraft:zombie":10,"born_in_chaos_v1:dread_hound":3,"born_in_chaos_v1:corpse_fly":4,"riskofrain_mobs:stone_golem_entity":1,"born_in_chaos_v1:door_knight":1,"born_in_chaos_v1:siamese_skeletonsleft":2},"minecraft:killed_by":{"riskofrain_mobs:stone_golem_entity":1,"born_in_chaos_v1:dread_hound":1},"minecraft:crafted":{"mmorpg:stone/1":19,"biomeswevegone:pine_planks":50,"mmorpg:stone/2":5,"minecraft:furnace":2,"minecraft:stone_pickaxe":1,"minecraft:chest":1,"sophisticatedbackpacks:iron_backpack":1,"minecraft:wooden_shovel":1,"minecraft:crafting_table":4,"minecraft:wooden_pickaxe":2,"born_in_chaos_v1:bone_heart":1,"biomeswevegone:pine_crafting_table":1,"minecraft:acacia_boat":1,"minecraft:air":296,"minecraft:charcoal":27,"minecraft:stick":12,"minecraft:iron_ingot":7,"minecraft:wooden_axe":2,"mmorpg:master_bag":1,"minecraft:acacia_planks":42},"minecraft:dropped":{"farmersdelight:tomato_seeds":1,"minecraft:cobblestone":11,"minecraft:stick":2,"minecraft:torch":4,"farmersdelight:onion":119,"minecraft:white_wool":9,"minecraft:acacia_planks":13,"minecraft:coarse_dirt":2,"minecraft:wheat":2,"farmersdelight:cabbage_seeds":2,"mmorpg:master_bag":1,"minecraft:shield":1,"roe_weapons:axe_0":1,"minecraft:gunpowder":1,"cte_essentials:cloth_0_helmet":1,"born_in_chaos_v1:corpse_maggot":2,"minecraft:acacia_sapling":15,"minecraft:stone_bricks":1,"doggytalents:rice_grains":1,"minecraft:wooden_pickaxe":3,"farmersdelight:tomato":22,"cte_essentials:cloth_0_leggings":1},"minecraft:mined":{"farmersdelight:onions":3,"projectvibrantjourneys:rocks":2,"minecraft:acacia_log":24,"minecraft:grass_block":10,"biomeswevegone:pine_log":77,"minecraft:iron_ore":8,"minecraft:stone":43,"minecraft:white_wool":1,"minecraft:spruce_slab":1,"born_in_chaos_v1:mesh_door":1,"minecraft:acacia_leaves":23,"minecraft:glass_pane":1,"minecraft:crafting_table":3,"minecraft:copper_ore":15,"minecraft:tall_grass":4,"minecraft:cobblestone":10,"minecraft:oak_planks":4,"biomeswevegone:araucaria_leaves":95,"minecraft:spruce_stairs":2,"minecraft:coarse_dirt":1,"lootr:trophy":1,"minecraft:grass":6,"projectvibrantjourneys:short_grass":3,"minecraft:dirt":21,"biomeswevegone:pine_planks":12,"minecraft:acacia_planks":4,"minecraft:stone_bricks":1,"pots_and_mimics:treasure_pot":2},"minecraft:picked_up":{"minecraft:wheat":2,"minecraft:coarse_dirt":2,"minecraft:crafting_table":3,"born_in_chaos_v1:seedof_chaos":1,"biomeswevegone:pine_log":77,"minecraft:wooden_pickaxe":1,"farmersdelight:rice_panicle":7,"roe_weapons:crossbow_0":1,"mmorpg:jewelry/ring/iron":1,"biomeswevegone:pine_planks":12,"minecraft:shield":1,"cte_essentials:cloth_0_leggings":1,"cte_essentials:cloth_1_helmet":1,"born_in_chaos_v1:mesh_door":2,"minecraft:raw_copper":51,"minecraft:acacia_door":1,"minecraft:blackstone":4,"farmersdelight:cabbage":6,"roe_weapons:scythe_0":3,"cte_essentials:cloth_0_helmet":1,"born_in_chaos_v1:gnawed_bones":1,"minecraft:spruce_slab":1,"mmorpg:gems/amethyst/0":1,"farmersdelight:cabbage_seeds":12,"minecraft:stick":8,"mmorpg:gems/emerald/0":1,"mmorpg:material/mining/0":3,"minecraft:raw_iron":7,"born_in_chaos_v1:shattered_skull":1,"cte_essentials:cloth_0_chestplate":1,"minecraft:torch":4,"minecraft:acacia_log":24,"born_in_chaos_v1:pieceofdarkmetal":1,"cte_essentials:plate_0_leggings":1,"roe_weapons:gauntlet_0":1,"biomeswevegone:weeping_milkcap":1,"minecraft:arrow":2,"minecraft:rotten_flesh":20,"farmersdelight:onion":122,"mmorpg:master_bag":1,"supplementaries:ash":1,"minecraft:mutton":4,"minecraft:white_wool":2,"minecraft:cobblestone":63,"born_in_chaos_v1:fused_bone":4,"roe_weapons:tome_0":1,"roe_weapons:spear_0":1,"born_in_chaos_v1:corpse_maggot":11,"minecraft:air":0,"born_in_chaos_v1:monster_flesh":2,"cte_essentials:cloth_1_chestplate":1,"biomeswevegone:araucaria_sapling":12,"doggytalents:rice_grains":1,"minecraft:gunpowder":5,"minecraft:acacia_boat":1,"farmersdelight:tomato":22,"minecraft:dirt":20,"lootr:trophy":1,"born_in_chaos_v1:monster_skin":2,"minecraft:bone":6,"minecraft:acacia_planks":17,"minecraft:apple":1,"minecraft:stone_bricks":1,"minecraft:wheat_seeds":6,"minecraft:oak_planks":4,"minecraft:acacia_sapling":15,"cte_essentials:leather_0_boots":2,"crabbersdelight:crab":2,"roe_weapons:shield_0":1,"born_in_chaos_v1:ethereal_spirit":4,"roe_weapons:axe_0":1,"minecraft:slime_ball":1,"roe_weapons:sword_0":3,"roe_weapons:kunai_0":1,"minecraft:black_wool":1,"minecraft:coal":1},"minecraft:custom":{"minecraft:blood":0,"lootr:looted_stat":112,"minecraft:mob_kills":49,"minecraft:interact_with_crafting_table":21,"minecraft:damage_dealt_resisted":378,"minecraft:leave_game":1,"minecraft:time_since_death":113292,"minecraft:climb_one_cm":143,"minecraft:damage_resisted":17,"minecraft:mana":114,"minecraft:magic_shield":46,"minecraft:sprint_one_cm":249153,"minecraft:walk_one_cm":564243,"minecraft:drop":42,"minecraft:health":238,"minecraft:damage_dealt_absorbed":21,"minecraft:play_time":249432,"minecraft:deaths":2,"minecraft:sneak_time":11127,"minecraft:walk_under_water_one_cm":249,"minecraft:boat_one_cm":44245,"minecraft:jump":1277,"minecraft:interact_with_brewingstand":1,"minecraft:energy":137,"minecraft:walk_on_water_one_cm":1899,"minecraft:total_world_time":249432,"minecraft:interact_with_furnace":11,"minecraft:sleep_in_bed":11,"minecraft:levels_gained":7,"minecraft:time_since_rest":29410,"minecraft:damage_taken":2955,"minecraft:damage_absorbed":1065,"minecraft:damage_dealt":8695,"minecraft:swim_one_cm":212,"minecraft:fly_one_cm":196825,"minecraft:open_chest":7,"minecraft:crouch_one_cm":20795,"waystones:waystone_activated":3,"minecraft:fall_one_cm":34091,"minecraft:horse_one_cm":28829}},"DataVersion":3465}