{"stats":{"minecraft:used":{"minecraft:skeleton_spawn_egg":1,"minecraft:zombie_spawn_egg":1},"minecraft:killed":{"minecraft:skeleton":1,"minecraft:zombie":1,"born_in_chaos_v1:corpse_fly":1},"minecraft:dropped":{"roe_weapons:scythe_0":3,"minecraft:bow":1},"minecraft:mined":{"minecraft:hay_block":12},"minecraft:picked_up":{"born_in_chaos_v1:corpse_maggot":1,"minecraft:bone":2,"minecraft:arrow":1,"minecraft:rotten_flesh":1,"roe_weapons:scythe_0":11,"minecraft:hay_block":12,"roe_weapons:bow_0":18},"minecraft:custom":{"minecraft:time_since_rest":28933,"minecraft:blood":0,"minecraft:magic_shield":0,"lootr:looted_stat":10,"minecraft:interact_with_furnace":3,"minecraft:play_time":59985,"minecraft:damage_taken":230,"minecraft:walk_one_cm":45794,"minecraft:damage_absorbed":30,"minecraft:sneak_time":6,"minecraft:mob_kills":3,"minecraft:drop":4,"minecraft:jump":80,"minecraft:energy":121,"minecraft:leave_game":13,"minecraft:health":213,"minecraft:time_since_death":59985,"minecraft:sleep_in_bed":1,"minecraft:interact_with_smoker":2,"minecraft:total_world_time":59985,"minecraft:fly_one_cm":623,"minecraft:levels_gained":7,"minecraft:interact_with_cartography_table":2,"minecraft:fall_one_cm":478,"minecraft:mana":112,"minecraft:sprint_one_cm":38}},"DataVersion":3465}