{"stats":{"minecraft:picked_up":{"roe_weapons:bow_0":18,"roe_weapons:scythe_0":11},"minecraft:custom":{"minecraft:jump":68,"minecraft:time_since_rest":18568,"minecraft:energy":100,"minecraft:blood":0,"minecraft:interact_with_furnace":3,"minecraft:magic_shield":0,"minecraft:leave_game":13,"minecraft:health":180,"lootr:looted_stat":7,"minecraft:play_time":49620,"minecraft:time_since_death":49620,"minecraft:walk_one_cm":31081,"minecraft:sleep_in_bed":1,"minecraft:sneak_time":6,"minecraft:total_world_time":49620,"minecraft:mana":100,"minecraft:interact_with_cartography_table":2,"minecraft:levels_gained":6,"minecraft:fall_one_cm":478,"minecraft:fly_one_cm":377}},"DataVersion":3465}