{"stats":{"minecraft:picked_up":{"roe_weapons:scythe_0":11},"minecraft:custom":{"minecraft:jump":44,"minecraft:time_since_rest":7563,"minecraft:energy":100,"minecraft:blood":0,"minecraft:interact_with_furnace":3,"minecraft:magic_shield":0,"minecraft:leave_game":11,"minecraft:health":180,"lootr:looted_stat":7,"minecraft:play_time":38615,"minecraft:time_since_death":38615,"minecraft:walk_one_cm":27748,"minecraft:sleep_in_bed":1,"minecraft:sneak_time":6,"minecraft:total_world_time":38615,"minecraft:mana":100,"minecraft:interact_with_cartography_table":2,"minecraft:levels_gained":6,"minecraft:fall_one_cm":478,"minecraft:fly_one_cm":27}},"DataVersion":3465}