{"stats":{"minecraft:used":{"minecraft:zombie_spawn_egg":1,"minecraft:skeleton_spawn_egg":1,"minecraft:spruce_fence":1},"minecraft:killed":{"minecraft:skeleton":1,"minecraft:zombie":1,"born_in_chaos_v1:corpse_fly":1},"minecraft:dropped":{"roe_weapons:scythe_0":3,"roe_weapons:dagger_1":1,"minecraft:bow":1,"mmorpg:material/meat/1":1,"roe_weapons:crossbow_1":1},"minecraft:mined":{"minecraft:hay_block":15,"botania:purple_mystical_flower":1,"minecraft:spruce_fence":1,"botania:purple_double_flower":1},"minecraft:picked_up":{"botania:purple_double_flower":1,"born_in_chaos_v1:corpse_maggot":1,"minecraft:spruce_fence":1,"simplehats:doubletake":1,"roe_weapons:bow_0":18,"minecraft:arrow":1,"minecraft:bone":2,"minecraft:rotten_flesh":1,"botania:purple_mystical_flower":1,"roe_weapons:scythe_0":11,"minecraft:hay_block":15,"minecraft:air":0},"minecraft:custom":{"minecraft:time_since_rest":36516,"minecraft:blood":0,"minecraft:magic_shield":0,"minecraft:interact_with_furnace":3,"lootr:looted_stat":17,"minecraft:sprint_one_cm":8627,"minecraft:damage_absorbed":30,"minecraft:damage_taken":240,"minecraft:walk_one_cm":69637,"minecraft:mob_kills":3,"minecraft:drop":7,"minecraft:health":229,"minecraft:interact_with_cartography_table":2,"minecraft:fly_one_cm":8597,"minecraft:crouch_one_cm":27,"minecraft:play_time":67568,"minecraft:sneak_time":89,"minecraft:jump":131,"minecraft:energy":131,"minecraft:leave_game":14,"minecraft:time_since_death":67568,"minecraft:sleep_in_bed":1,"minecraft:total_world_time":67568,"minecraft:interact_with_smoker":2,"minecraft:fall_one_cm":1916,"minecraft:levels_gained":8,"minecraft:mana":122}},"DataVersion":3465}