{"stats":{"minecraft:custom":{"minecraft:time_since_rest":12402,"minecraft:blood":0,"minecraft:magic_shield":0,"lootr:looted_stat":1,"minecraft:sprint_one_cm":416,"minecraft:damage_taken":23,"minecraft:damage_absorbed":2,"minecraft:walk_one_cm":49507,"minecraft:damage_dealt":8,"minecraft:health":116,"minecraft:interact_with_crafting_table":4,"minecraft:fly_one_cm":434,"minecraft:play_time":12402,"minecraft:walk_under_water_one_cm":79,"minecraft:damage_dealt_resisted":0,"minecraft:jump":82,"minecraft:energy":60,"minecraft:walk_on_water_one_cm":296,"minecraft:time_since_death":12402,"minecraft:total_world_time":12402,"minecraft:climb_one_cm":2636,"minecraft:levels_gained":2,"minecraft:fall_one_cm":209,"minecraft:mana":60},"minecraft:mined":{"minecraft:hay_block":27,"minecraft:crafting_table":2,"minecraft:ladder":3,"minecraft:bell":1,"minecraft:oak_log":5,"projectvibrantjourneys:short_grass":1,"minecraft:copper_ore":1,"minecraft:stone":12,"minecraft:oak_leaves":4,"minecraft:fern":1},"minecraft:crafted":{"minecraft:oak_planks":5,"minecraft:crafting_table":1,"minecraft:stick":4,"minecraft:wooden_pickaxe":1,"minecraft:wooden_axe":1,"minecraft:stone_pickaxe":1,"minecraft:air":20},"minecraft:used":{"minecraft:wooden_axe":4,"minecraft:stone_pickaxe":1,"minecraft:oak_planks":8,"minecraft:wooden_pickaxe":13,"minecraft:crafting_table":3},"minecraft:picked_up":{"minecraft:stick":2,"minecraft:crafting_table":2,"minecraft:ladder":3,"minecraft:oak_log":5,"minecraft:raw_copper":5,"minecraft:wheat_seeds":2,"minecraft:bell":1,"minecraft:hay_block":27,"minecraft:oak_sapling":1,"minecraft:cobblestone":12}},"DataVersion":3465}