{"stats":{"minecraft:broken":{"minecraft:stone_pickaxe":1,"cte_essentials:leather_0_helmet":1},"minecraft:used":{"crabbersdelight:crab":1,"botania:green_mystical_flower":1,"minecraft:torch":22,"minecraft:dirt":1,"minecraft:skeleton_spawn_egg":1,"roe_weapons:crossbow_4":7,"minecraft:wooden_axe":11,"roe_weapons:bow_2":5,"minecraft:mossy_stone_brick_wall":2,"botania:lime_mystical_flower":2,"alexsmobs:cooked_catfish":1,"minecraft:stone_pickaxe":120,"minecraft:prismarine":1,"minecraft:oak_planks":13,"minecraft:wooden_pickaxe":13,"botania:fertilizer":5,"minecraft:yellow_terracotta":1,"minecraft:crafting_table":7,"minecraft:white_bed":3,"biomeswevegone:peat":1,"minecraft:iron_pickaxe":38,"biomeswevegone:allium_oddion_soup":1,"minecraft:gravel":1,"minecraft:stone_axe":3,"minecraft:cobblestone":4,"minecraft:chain":2,"minecraft:oak_boat":2},"minecraft:killed_by":{"born_in_chaos_v1:corpse_fly":1,"minecraft:drowned":1},"minecraft:killed":{"born_in_chaos_v1:zombie_lumberjack":1,"minecraft:spider":2,"minecraft:vindicator":2,"born_in_chaos_v1:maggot":3,"minecraft:skeleton":1,"monsterplus:glow_skeleton":1,"born_in_chaos_v1:corpse_fish":1,"crabbersdelight:crab":1,"alexsmobs:skelewag":1,"born_in_chaos_v1:decrepit_skeleton":3,"born_in_chaos_v1:bloody_gadfly":1,"minecraft:pillager":1,"minecraft:zombie":4,"illagerinvasion:sorcerer":1,"born_in_chaos_v1:corpse_fly":6,"minecraft:stray":1,"alexsmobs:fly":1},"minecraft:dropped":{"minecraft:iron_ingot":8,"botania:yellow_mystical_flower":1,"roe_weapons:dagger_1":1,"minecraft:wheat_seeds":1,"mmorpg:skill_gems/support/str":1,"botania:orange_mushroom":1,"botania:red_mystical_flower":3,"roe_weapons:totem_1":1,"botania:orange_mystical_flower":2,"minecraft:feather":8,"minecraft:iron_helmet":1,"minecraft:cobblestone":9,"minecraft:torch":12,"minecraft:wooden_axe":1,"botania:green_mystical_flower":4,"botania:light_blue_mushroom":1,"botania:green_mushroom":1,"minecraft:string":1,"botania:white_mystical_flower":14,"minecraft:lily_pad":6,"roe_weapons:shield_2":1,"botania:brown_mystical_flower":2,"roe_weapons:sword_2":1,"roe_weapons:sword_0":3,"botania:purple_mystical_flower":2,"botania:brown_mushroom":1,"roe_weapons:greatsword_0":1,"roe_weapons:axe_1":1,"minecraft:waxed_copper_block":5,"botania:pink_mushroom":1,"supplementaries:ash":1,"botania:lexicon":1,"botania:green_double_flower":1,"botania:cyan_mystical_flower":1,"botania:yellow_mushroom":3,"minecraft:ladder":3,"roe_weapons:shield_0":1,"minecraft:wooden_pickaxe":1,"botania:lime_mystical_flower":1,"botania:magenta_mystical_flower":1,"botania:lime_mushroom":1},"minecraft:crafted":{"minecraft:cherry_planks":1,"minecraft:oak_planks":7,"minecraft:stone_pickaxe":1,"sophisticatedbackpacks:iron_backpack":1,"minecraft:crafting_table":3,"minecraft:wooden_pickaxe":1,"botania:lexicon":1,"sophisticatedbackpacks:gold_backpack":1,"minecraft:stone_axe":1,"minecraft:bread":2,"minecraft:air":86,"minecraft:oak_boat":1,"minecraft:stick":12,"minecraft:iron_pickaxe":1,"minecraft:wooden_axe":1,"minecraft:torch":13},"minecraft:mined":{"minecraft:yellow_terracotta":1,"minecraft:white_bed":3,"minecraft:dark_oak_leaves":24,"botania:red_mystical_flower":3,"minecraft:jungle_leaves":2,"minecraft:dark_oak_log":1,"minecraft:ladder":3,"botania:light_blue_mushroom":1,"botania:orange_mushroom":1,"minecraft:hay_block":28,"botania:purple_mystical_flower":2,"botania:magenta_mystical_flower":1,"minecraft:iron_ore":4,"biomeswevegone:fairy_slipper":1,"minecraft:gold_block":1,"minecraft:bell":1,"botania:green_mushroom":1,"chococraft:gysahl_green":2,"illagerinvasion:magic_fire":13,"botania:yellow_mushroom":3,"botania:brown_mystical_flower":2,"minecraft:stone":29,"botania:green_mystical_flower":5,"botania:lime_mystical_flower":3,"botania:orange_mystical_flower":2,"botania:lime_mushroom":1,"minecraft:crafting_table":5,"minecraft:torch":2,"botania:green_double_flower":1,"biomeswevegone:peat":1,"minecraft:melon":2,"botania:pink_mushroom":1,"botania:brown_mushroom":1,"minecraft:copper_ore":18,"minecraft:prismarine":1,"minecraft:oak_planks":8,"minecraft:wall_torch":1,"botania:cyan_mystical_flower":1,"minecraft:chain":2,"minecraft:mossy_stone_brick_wall":2,"minecraft:birch_leaves":4,"botania:white_mystical_flower":7,"botania:yellow_mystical_flower":1,"minecraft:grass":5,"minecraft:coal_ore":80,"minecraft:oak_log":7,"projectvibrantjourneys:short_grass":8,"minecraft:gravel":1,"minecraft:dirt":5,"minecraft:oak_leaves":25,"minecraft:fern":8},"minecraft:picked_up":{"minecraft:crafting_table":5,"illagerinvasion:platinum_chunk":1,"minecraft:ladder":3,"minecraft:potion":1,"minecraft:chain":2,"botania:light_blue_mushroom":1,"minecraft:string":1,"roe_weapons:bow_2":8,"illagerinvasion:unusual_dust":1,"minecraft:raw_copper":70,"botania:magenta_mystical_flower":1,"minecraft:oak_boat":1,"minecraft:melon_slice":5,"botania:lexicon":1,"minecraft:dark_oak_sapling":1,"minecraft:raw_iron":4,"minecraft:tipped_arrow":1,"minecraft:stick":13,"mmorpg:material/mining/0":15,"born_in_chaos_v1:shattered_skull":1,"minecraft:torch":2,"botania:yellow_mystical_flower":1,"botania:green_mushroom":1,"minecraft:cherry_log":1,"botania:pink_mushroom":1,"minecraft:redstone":7,"botania:white_mystical_flower":14,"roe_weapons:sword_2":2,"minecraft:arrow":19,"minecraft:rotten_flesh":6,"botania:lime_mystical_flower":3,"minecraft:hay_block":28,"minecraft:yellow_terracotta":1,"minecraft:gold_ingot":2,"supplementaries:ash":1,"botania:green_mystical_flower":5,"minecraft:skeleton_skull":1,"minecraft:cobblestone":29,"born_in_chaos_v1:corpse_maggot":14,"minecraft:feather":8,"minecraft:air":0,"minecraft:glow_ink_sac":2,"doggytalents:rice_grains":2,"minecraft:birch_planks":6,"biomeswevegone:peat":1,"waystones:sandy_waystone":1,"botania:green_double_flower":1,"minecraft:oak_log":7,"minecraft:lily_pad":12,"biomeswevegone:shelf_fungi":1,"minecraft:dirt":1,"minecraft:white_banner":1,"botania:yellow_mushroom":3,"minecraft:bone":5,"chococraft:gysahl_green":5,"botania:cyan_mystical_flower":1,"minecraft:wheat_seeds":4,"botania:purple_mystical_flower":2,"minecraft:bell":1,"minecraft:mossy_stone_brick_wall":2,"minecraft:prismarine":1,"minecraft:oak_planks":8,"minecraft:book":1,"botania:red_mystical_flower":3,"minecraft:pumpkin":1,"crabbersdelight:crab":1,"waystones:mossy_waystone":1,"minecraft:gravel":1,"biomeswevegone:fairy_slipper":1,"chococraft:gysahl_green_seeds":2,"botania:lime_mushroom":1,"minecraft:white_bed":3,"minecraft:dark_oak_log":1,"minecraft:spectral_arrow":2,"mmorpg:gems/garnet/0":1,"minecraft:slime_ball":1,"minecraft:soul_lantern":1,"botania:orange_mystical_flower":2,"botania:orange_mushroom":1,"minecraft:emerald":2,"born_in_chaos_v1:rotten_fish":1,"minecraft:oak_sapling":1,"botania:brown_mushroom":1,"minecraft:coal":79,"botania:brown_mystical_flower":2,"minecraft:crimson_roots":1},"minecraft:custom":{"minecraft:blood":0,"lootr:looted_stat":54,"minecraft:mob_kills":32,"minecraft:interact_with_crafting_table":16,"minecraft:open_barrel":4,"minecraft:damage_dealt_resisted":0,"minecraft:leave_game":1,"minecraft:time_since_death":111751,"minecraft:climb_one_cm":13293,"minecraft:damage_resisted":0,"minecraft:mana":160,"minecraft:magic_shield":0,"minecraft:sprint_one_cm":115397,"minecraft:walk_one_cm":562655,"minecraft:drop":46,"minecraft:health":293,"minecraft:play_time":177007,"minecraft:deaths":2,"minecraft:sneak_time":1899,"minecraft:walk_under_water_one_cm":20917,"minecraft:boat_one_cm":468099,"minecraft:interact_with_brewingstand":1,"minecraft:jump":837,"minecraft:energy":160,"minecraft:walk_on_water_one_cm":14293,"minecraft:total_world_time":177007,"minecraft:interact_with_furnace":1,"minecraft:tune_noteblock":6,"minecraft:interact_with_grindstone":1,"minecraft:sleep_in_bed":3,"minecraft:levels_gained":12,"minecraft:time_since_rest":421,"minecraft:damage_taken":2638,"minecraft:damage_absorbed":76,"minecraft:damage_dealt":413,"minecraft:swim_one_cm":39945,"minecraft:fly_one_cm":46750,"minecraft:open_chest":11,"minecraft:crouch_one_cm":3322,"waystones:waystone_activated":3,"minecraft:fall_one_cm":11760}},"DataVersion":3465}