{"stats":{"minecraft:crafted":{"minecraft:cherry_planks":1,"minecraft:oak_planks":7,"minecraft:stone_pickaxe":1,"minecraft:spruce_boat":1,"minecraft:dark_oak_planks":1,"sophisticatedbackpacks:iron_backpack":1,"minecraft:crafting_table":3,"minecraft:spruce_planks":2,"minecraft:wooden_pickaxe":1,"botania:lexicon":1,"sophisticatedbackpacks:gold_backpack":1,"minecraft:stone_axe":1,"minecraft:bread":2,"minecraft:air":98,"minecraft:oak_boat":1,"minecraft:stick":12,"minecraft:iron_pickaxe":1,"minecraft:wooden_axe":1,"minecraft:torch":13},"minecraft:mined":{"minecraft:yellow_terracotta":1,"minecraft:white_bed":3,"minecraft:dark_oak_leaves":24,"botania:red_mystical_flower":3,"minecraft:dark_oak_log":1,"minecraft:jungle_leaves":2,"minecraft:ladder":3,"botania:light_blue_mushroom":1,"minecraft:grass_block":4,"botania:orange_mushroom":1,"minecraft:spruce_leaves":3,"botania:light_gray_mystical_flower":6,"minecraft:hay_block":33,"botania:purple_mystical_flower":3,"botania:magenta_mystical_flower":2,"minecraft:iron_ore":8,"biomeswevegone:fairy_slipper":1,"minecraft:gold_block":1,"minecraft:bell":1,"botania:green_mushroom":1,"chococraft:gysahl_green":2,"minecraft:small_amethyst_bud":1,"illagerinvasion:magic_fire":13,"botania:yellow_mushroom":3,"botania:brown_mystical_flower":10,"minecraft:stone":29,"botania:green_mystical_flower":13,"botania:lime_mystical_flower":7,"botania:orange_mystical_flower":8,"minecraft:amethyst_cluster":1,"botania:lime_mushroom":1,"minecraft:clay":1,"minecraft:crafting_table":6,"minecraft:torch":2,"botania:green_double_flower":1,"biomeswevegone:peat":1,"minecraft:melon":2,"botania:pink_mushroom":1,"botania:brown_mushroom":1,"minecraft:copper_ore":18,"botania:blue_mystical_flower":7,"minecraft:prismarine":1,"minecraft:oak_planks":8,"minecraft:wall_torch":1,"botania:pink_mystical_flower":1,"botania:cyan_mystical_flower":1,"minecraft:chain":2,"minecraft:coarse_dirt":1,"minecraft:mossy_stone_brick_wall":2,"minecraft:sweet_berry_bush":1,"minecraft:spruce_log":6,"minecraft:birch_leaves":4,"minecraft:grass":7,"minecraft:oak_log":7,"botania:white_mystical_flower":7,"minecraft:coal_ore":80,"botania:yellow_mystical_flower":1,"projectvibrantjourneys:short_grass":16,"minecraft:gravel":1,"minecraft:dirt":6,"minecraft:stone_bricks":1,"minecraft:oak_leaves":25,"minecraft:fern":8},"minecraft:killed_by":{"born_in_chaos_v1:corpse_fly":1,"minecraft:drowned":1,"minecraft:silverfish":3},"minecraft:custom":{"minecraft:blood":0,"lootr:looted_stat":69,"minecraft:mob_kills":41,"minecraft:interact_with_crafting_table":18,"minecraft:open_barrel":8,"minecraft:damage_dealt_resisted":0,"minecraft:leave_game":2,"minecraft:time_since_death":4418,"minecraft:climb_one_cm":17732,"minecraft:damage_resisted":0,"minecraft:mana":160,"minecraft:magic_shield":0,"minecraft:sprint_one_cm":171208,"minecraft:walk_one_cm":833571,"minecraft:drop":47,"minecraft:health":288,"minecraft:talked_to_villager":1,"minecraft:play_time":218197,"minecraft:deaths":5,"minecraft:walk_under_water_one_cm":22591,"minecraft:sneak_time":2017,"minecraft:boat_one_cm":505568,"minecraft:interact_with_brewingstand":1,"minecraft:jump":1196,"minecraft:energy":160,"minecraft:walk_on_water_one_cm":16404,"minecraft:total_world_time":218197,"minecraft:interact_with_furnace":2,"minecraft:tune_noteblock":6,"minecraft:interact_with_grindstone":1,"minecraft:sleep_in_bed":4,"minecraft:levels_gained":12,"minecraft:time_since_rest":4445,"minecraft:damage_taken":3820,"minecraft:damage_absorbed":76,"minecraft:damage_dealt":535,"minecraft:swim_one_cm":39945,"minecraft:fly_one_cm":62121,"minecraft:open_chest":11,"waystones:waystone_activated":3,"minecraft:crouch_one_cm":3941,"minecraft:fall_one_cm":15484},"minecraft:broken":{"minecraft:stone_pickaxe":1,"cte_essentials:leather_0_helmet":1,"cte_essentials:leather_0_boots":1,"cte_essentials:leather_0_chestplate":1},"minecraft:killed":{"born_in_chaos_v1:zombie_lumberjack":1,"minecraft:spider":3,"minecraft:vindicator":2,"born_in_chaos_v1:maggot":3,"minecraft:skeleton":2,"monsterplus:glow_skeleton":1,"minecraft:silverfish":1,"born_in_chaos_v1:corpse_fish":1,"alexsmobs:skelewag":1,"crabbersdelight:crab":1,"born_in_chaos_v1:decrepit_skeleton":3,"born_in_chaos_v1:bloody_gadfly":1,"minecraft:pillager":1,"minecraft:zombie":8,"illagerinvasion:sorcerer":1,"born_in_chaos_v1:corpse_fly":7,"minecraft:stray":1,"alexsmobs:fly":1},"minecraft:used":{"minecraft:spruce_planks":4,"minecraft:zombie_spawn_egg":1,"crabbersdelight:crab":1,"botania:green_mystical_flower":1,"minecraft:torch":37,"minecraft:dirt":6,"minecraft:skeleton_spawn_egg":1,"minecraft:spruce_boat":2,"roe_weapons:crossbow_4":7,"minecraft:dark_oak_planks":4,"minecraft:wooden_axe":11,"roe_weapons:bow_2":5,"minecraft:stone_bricks":1,"minecraft:mossy_stone_brick_wall":2,"botania:lime_mystical_flower":2,"alexsmobs:cooked_catfish":1,"minecraft:stone_pickaxe":123,"minecraft:prismarine":1,"minecraft:oak_planks":13,"minecraft:cherry_planks":2,"minecraft:wooden_pickaxe":13,"minecraft:yellow_terracotta":1,"botania:fertilizer":5,"minecraft:crafting_table":8,"minecraft:white_bed":3,"biomeswevegone:peat":1,"minecraft:iron_pickaxe":43,"biomeswevegone:allium_oddion_soup":1,"minecraft:gravel":1,"minecraft:stone_axe":11,"minecraft:diamond_sword":28,"minecraft:cobblestone":4,"minecraft:chain":2,"minecraft:pumpkin_pie":2,"minecraft:oak_boat":2,"minecraft:coarse_dirt":1},"minecraft:picked_up":{"minecraft:coarse_dirt":1,"minecraft:crafting_table":6,"illagerinvasion:platinum_chunk":1,"minecraft:ladder":3,"minecraft:clay_ball":4,"minecraft:potion":1,"minecraft:chain":2,"botania:light_blue_mushroom":1,"roe_weapons:bow_2":8,"minecraft:string":1,"illagerinvasion:unusual_dust":1,"minecraft:raw_copper":70,"botania:magenta_mystical_flower":1,"minecraft:spruce_planks":1,"minecraft:oak_boat":1,"minecraft:melon_slice":5,"minecraft:tipped_arrow":1,"minecraft:dark_oak_sapling":1,"botania:lexicon":1,"minecraft:stick":13,"mmorpg:material/mining/0":15,"minecraft:raw_iron":8,"born_in_chaos_v1:shattered_skull":1,"minecraft:torch":2,"botania:yellow_mystical_flower":1,"botania:green_mushroom":1,"minecraft:cherry_log":1,"botania:pink_mushroom":1,"minecraft:redstone":7,"roe_weapons:sword_2":2,"botania:white_mystical_flower":14,"minecraft:arrow":21,"minecraft:rotten_flesh":10,"botania:lime_mystical_flower":3,"minecraft:hay_block":31,"minecraft:yellow_terracotta":1,"minecraft:gold_ingot":2,"supplementaries:ash":1,"botania:green_mystical_flower":5,"minecraft:skeleton_skull":1,"minecraft:cobblestone":29,"born_in_chaos_v1:corpse_maggot":14,"minecraft:air":0,"minecraft:feather":8,"minecraft:glow_ink_sac":2,"minecraft:birch_planks":6,"doggytalents:rice_grains":2,"biomeswevegone:peat":1,"waystones:sandy_waystone":1,"botania:green_double_flower":1,"minecraft:oak_log":7,"minecraft:lily_pad":12,"biomeswevegone:shelf_fungi":1,"minecraft:dirt":6,"minecraft:white_banner":1,"botania:yellow_mushroom":3,"minecraft:stone_bricks":1,"minecraft:bone":10,"chococraft:gysahl_green":5,"botania:cyan_mystical_flower":1,"minecraft:wheat_seeds":5,"botania:purple_mystical_flower":2,"minecraft:bell":1,"minecraft:mossy_stone_brick_wall":2,"minecraft:oak_planks":8,"minecraft:prismarine":1,"minecraft:book":1,"botania:red_mystical_flower":3,"minecraft:pumpkin":1,"crabbersdelight:crab":1,"waystones:mossy_waystone":1,"minecraft:gravel":1,"biomeswevegone:fairy_slipper":1,"minecraft:amethyst_shard":4,"chococraft:gysahl_green_seeds":2,"botania:lime_mushroom":1,"minecraft:white_bed":3,"minecraft:spruce_log":6,"minecraft:dark_oak_log":1,"minecraft:spectral_arrow":2,"mmorpg:gems/garnet/0":1,"minecraft:slime_ball":1,"minecraft:spruce_boat":1,"minecraft:soul_lantern":1,"botania:orange_mystical_flower":2,"botania:orange_mushroom":1,"minecraft:emerald":2,"minecraft:oak_sapling":1,"born_in_chaos_v1:rotten_fish":1,"botania:brown_mystical_flower":2,"botania:brown_mushroom":1,"minecraft:coal":79,"minecraft:crimson_roots":1},"minecraft:dropped":{"minecraft:iron_ingot":8,"botania:yellow_mystical_flower":1,"roe_weapons:dagger_1":1,"minecraft:wheat_seeds":1,"mmorpg:skill_gems/support/str":1,"botania:orange_mushroom":1,"botania:red_mystical_flower":3,"roe_weapons:totem_1":1,"minecraft:feather":8,"botania:orange_mystical_flower":2,"minecraft:iron_helmet":1,"minecraft:cobblestone":9,"minecraft:torch":12,"minecraft:wooden_axe":1,"botania:green_mystical_flower":4,"botania:light_blue_mushroom":1,"botania:green_mushroom":1,"minecraft:string":1,"minecraft:lily_pad":6,"botania:white_mystical_flower":14,"roe_weapons:shield_2":1,"botania:brown_mystical_flower":2,"roe_weapons:sword_2":1,"roe_weapons:sword_0":3,"botania:purple_mystical_flower":2,"minecraft:clay_ball":4,"roe_weapons:axe_1":1,"roe_weapons:greatsword_0":1,"botania:brown_mushroom":1,"minecraft:waxed_copper_block":5,"botania:pink_mushroom":1,"supplementaries:ash":1,"botania:green_double_flower":1,"botania:cyan_mystical_flower":1,"botania:lexicon":1,"minecraft:ladder":3,"botania:yellow_mushroom":3,"roe_weapons:shield_0":1,"minecraft:wooden_pickaxe":1,"botania:lime_mystical_flower":1,"botania:magenta_mystical_flower":1,"botania:lime_mushroom":1}},"DataVersion":3465}