{"stats":{"minecraft:picked_up":{"roe_weapons:scythe_0":11},"minecraft:custom":{"minecraft:jump":44,"minecraft:time_since_rest":2525,"minecraft:energy":100,"minecraft:blood":0,"minecraft:interact_with_furnace":3,"minecraft:magic_shield":0,"minecraft:leave_game":9,"minecraft:health":180,"lootr:looted_stat":7,"minecraft:play_time":33577,"minecraft:time_since_death":33577,"minecraft:walk_one_cm":27652,"minecraft:sleep_in_bed":1,"minecraft:sneak_time":6,"minecraft:total_world_time":33577,"minecraft:interact_with_cartography_table":2,"minecraft:mana":100,"minecraft:levels_gained":6,"minecraft:fall_one_cm":478,"minecraft:fly_one_cm":27}},"DataVersion":3465}