{"stats":{"minecraft:custom":{"minecraft:time_since_rest":12424,"minecraft:blood":0,"minecraft:magic_shield":0,"minecraft:crouch_one_cm":275,"minecraft:play_time":12424,"minecraft:sprint_one_cm":47531,"minecraft:damage_absorbed":9,"minecraft:damage_taken":281,"minecraft:walk_one_cm":44401,"minecraft:sneak_time":150,"minecraft:walk_under_water_one_cm":1190,"minecraft:jump":232,"minecraft:energy":60,"minecraft:leave_game":1,"minecraft:health":116,"minecraft:time_since_death":12424,"minecraft:walk_on_water_one_cm":2587,"minecraft:total_world_time":12424,"minecraft:climb_one_cm":113,"minecraft:levels_gained":2,"minecraft:swim_one_cm":7590,"minecraft:mana":60,"minecraft:fall_one_cm":4896,"minecraft:fly_one_cm":31723},"minecraft:mined":{"biomeswevegone:peat":1,"minecraft:grass":1,"biomeswevegone:lush_dirt":1,"botania:orange_mystical_flower":1,"minecraft:oak_leaves":7},"minecraft:used":{"biomeswevegone:lush_dirt":1,"botania:orange_mystical_flower":1},"minecraft:picked_up":{"biomeswevegone:lush_dirt":1,"botania:orange_mystical_flower":1,"biomeswevegone:peat":1,"minecraft:glow_berries":2}},"DataVersion":3465}