{"stats":{"minecraft:crafted":{"mmorpg:stone/1":3,"minecraft:oak_door":5,"minecraft:oak_planks":47,"minecraft:stone_shovel":1,"mmorpg:stone/2":1,"biomeswevegone:florus_planks":10,"minecraft:stone_pickaxe":1,"minecraft:chest":1,"sophisticatedbackpacks:iron_backpack":1,"biomeswevegone:ebony_planks":23,"minecraft:crafting_table":2,"minecraft:spruce_planks":7,"sophisticatedbackpacks:gold_backpack":1,"minecraft:stone_axe":1,"minecraft:air":146,"minecraft:oak_boat":3,"minecraft:stick":12,"minecraft:iron_ingot":2,"minecraft:gold_ingot":2,"biomeswevegone:ebony_crafting_table":1,"minecraft:white_bed":2,"minecraft:acacia_planks":2},"minecraft:mined":{"minecraft:yellow_terracotta":2,"biomeswevegone:lush_dirt":1,"minecraft:white_bed":4,"minecraft:brewing_stand":1,"minecraft:potted_dead_bush":1,"minecraft:acacia_log":3,"minecraft:redstone_wire":23,"minecraft:spruce_leaves":7,"projectvibrantjourneys:watergrass":1,"minecraft:chiseled_stone_bricks":2,"minecraft:tall_seagrass":4,"minecraft:iron_ore":4,"biomeswevegone:rose_petal_block":1,"minecraft:green_terracotta":3,"minecraft:stripped_spruce_log":8,"minecraft:pumpkin":7,"minecraft:mossy_stone_brick_stairs":1,"minecraft:bookshelf":20,"biomeswevegone:ebony_log":8,"minecraft:vine":2,"minecraft:oak_stairs":1,"illagerinvasion:magic_fire":10,"minecraft:stone":5,"minecraft:bone_block":31,"minecraft:white_wool":10,"minecraft:oak_slab":6,"botania:orange_mystical_flower":1,"biomeswevegone:silver_maple_leaves":7,"biomeswevegone:peat":1,"minecraft:melon":1,"minecraft:tall_grass":1,"minecraft:cobblestone":2,"minecraft:lily_pad":1,"minecraft:oak_planks":1,"minecraft:skeleton_skull":1,"minecraft:seagrass":3,"biomeswevegone:florus_stem":7,"minecraft:repeater":26,"minecraft:coarse_dirt":1,"betterarcheology:loot_vase_creeper":3,"biomeswevegone:ebony_crafting_table":2,"minecraft:stone_brick_stairs":1,"minecraft:smooth_stone_slab":3,"minecraft:grass":3,"minecraft:oak_log":23,"minecraft:coal_ore":37,"projectvibrantjourneys:short_grass":2,"minecraft:dirt":40,"minecraft:gravel":17,"minecraft:sand":8,"minecraft:cobweb":18,"minecraft:cracked_stone_bricks":1,"minecraft:mossy_stone_bricks":4,"minecraft:oak_leaves":47,"minecraft:fern":1,"minecraft:suspicious_gravel":1},"minecraft:killed_by":{"monsterplus:overgrown_skeleton":1,"minecraft:zombie":1},"minecraft:custom":{"minecraft:blood":0,"lootr:looted_stat":57,"minecraft:mob_kills":46,"minecraft:interact_with_crafting_table":18,"minecraft:open_barrel":11,"minecraft:leave_game":3,"minecraft:time_since_death":120441,"minecraft:climb_one_cm":17634,"minecraft:damage_resisted":0,"minecraft:mana":160,"minecraft:magic_shield":32,"minecraft:sprint_one_cm":259630,"minecraft:walk_one_cm":444266,"minecraft:drop":22,"minecraft:health":324,"minecraft:play_time":182106,"minecraft:deaths":2,"minecraft:sneak_time":3144,"minecraft:walk_under_water_one_cm":34733,"minecraft:boat_one_cm":652938,"minecraft:jump":1264,"minecraft:energy":171,"minecraft:walk_on_water_one_cm":23516,"minecraft:total_world_time":182106,"minecraft:interact_with_furnace":1,"minecraft:tune_noteblock":9,"minecraft:sleep_in_bed":4,"minecraft:levels_gained":12,"minecraft:time_since_rest":18234,"minecraft:damage_taken":3298,"minecraft:damage_absorbed":263,"minecraft:damage_dealt":6126,"minecraft:fly_one_cm":131987,"minecraft:swim_one_cm":29820,"minecraft:open_chest":6,"minecraft:crouch_one_cm":4174,"waystones:waystone_activated":3,"minecraft:fall_one_cm":24044},"minecraft:broken":{"cte_essentials:plate_0_boots":1},"minecraft:killed":{"minecraft:witch":1,"minecraft:spider":4,"minecraft:vindicator":2,"illagerinvasion:marauder":1,"illagerinvasion:basher":2,"born_in_chaos_v1:maggot":8,"born_in_chaos_v1:baby_spider":1,"minecraft:skeleton":1,"monsterplus:glow_skeleton":2,"minecraft:drowned":3,"alexsmobs:skelewag":1,"crabbersdelight:crab":1,"alexsmobs:flying_fish":1,"born_in_chaos_v1:barrel_zombie":1,"born_in_chaos_v1:baby_skeleton":1,"minecraft:pillager":6,"born_in_chaos_v1:zombie_fisherman":1,"minecraft:zombie":4,"born_in_chaos_v1:dread_hound":1,"born_in_chaos_v1:corpse_fly":1,"minecraft:stray":1,"alexsmobs:fly":1},"minecraft:dropped":{"minecraft:feather":8,"the_harvest:harvest_map":1,"minecraft:spectral_arrow":1,"minecraft:stick":6,"illagerinvasion:platinum_chunk":4,"cte_essentials:leather_1_leggings":1,"roe_weapons:crossbow_5":1,"minecraft:lily_pad":1,"minecraft:gold_ingot":2,"roe_weapons:crossbow_1":1,"minecraft:spyglass":1,"supplementaries:ash":1,"botania:lexicon":1,"minecraft:skeleton_skull":1,"minecraft:oak_sapling":2,"doggytalents:rice_grains":1,"minecraft:arrow":111},"minecraft:used":{"roe_weapons:greatsword_2":31,"minecraft:stone_shovel":78,"minecraft:redstone":12,"minecraft:ladder":1,"minecraft:chest":1,"minecraft:spruce_planks":3,"roe_weapons:dagger_1":11,"minecraft:oak_door":3,"roe_weapons:kunai_1":2,"minecraft:dirt":15,"minecraft:spyglass":21,"biomeswevegone:rose_petal_block":1,"minecraft:barrel":2,"minecraft:repeater":4,"roe_weapons:sword_2":176,"biomeswevegone:lush_dirt":1,"minecraft:stone_pickaxe":102,"minecraft:oak_planks":21,"botania:orange_mystical_flower":1,"minecraft:sand":4,"minecraft:oak_slab":2,"minecraft:crafting_table":2,"minecraft:white_bed":6,"biomeswevegone:ebony_planks":12,"minecraft:bread":6,"minecraft:gravel":4,"minecraft:stone_axe":91,"biomeswevegone:ebony_crafting_table":2,"minecraft:fishing_rod":3,"minecraft:cobblestone":3,"minecraft:pumpkin_pie":2,"minecraft:oak_boat":8},"minecraft:picked_up":{"illagerinvasion:platinum_chunk":9,"minecraft:ladder":1,"roe_weapons:crossbow_1":1,"minecraft:gold_block":1,"minecraft:potion":1,"minecraft:stone_brick_stairs":1,"minecraft:brewing_stand":1,"cte_essentials:cloth_0_leggings":1,"minecraft:string":20,"minecraft:moss_carpet":4,"minecraft:smooth_stone_slab":3,"minecraft:gold_nugget":7,"roe_weapons:shield_1":1,"minecraft:oak_boat":6,"born_in_chaos_v1:gnawed_bones":1,"minecraft:iron_nugget":12,"minecraft:melon_slice":6,"botania:lexicon":1,"mmorpg:skill_gems/support/dex":1,"minecraft:raw_iron":4,"minecraft:stick":2,"cte_essentials:cloth_0_chestplate":1,"projectvibrantjourneys:bark_mushroom":2,"biomeswevegone:rose_petal_block":1,"mmorpg:currency/upgrade_common_affix":1,"minecraft:acacia_log":2,"mmorpg:jewelry/necklace/iron":2,"minecraft:carrot":5,"minecraft:redstone":23,"roe_weapons:gauntlet_0":1,"minecraft:green_terracotta":2,"the_harvest:harvest_map":1,"roe_weapons:dagger_0":1,"minecraft:arrow":22,"minecraft:rotten_flesh":8,"biomeswevegone:florus_stem":7,"minecraft:yellow_terracotta":2,"supplementaries:ash":2,"minecraft:glow_berries":2,"minecraft:bone_block":31,"minecraft:cod":1,"minecraft:skeleton_skull":1,"minecraft:white_wool":8,"minecraft:cobblestone":12,"born_in_chaos_v1:corpse_maggot":4,"biomeswevegone:lush_dirt":1,"minecraft:air":0,"minecraft:repeater":30,"minecraft:glow_ink_sac":1,"cte_essentials:leather_0_helmet":1,"mmorpg:gems/azurite/0":1,"doggytalents:rice_grains":1,"biomeswevegone:peat":1,"minecraft:flint":2,"minecraft:lily_pad":35,"minecraft:oak_log":23,"minecraft:waxed_copper_block":5,"minecraft:lapis_lazuli":9,"minecraft:dirt":21,"born_in_chaos_v1:monster_skin":1,"minecraft:bone":9,"biomeswevegone:ebony_crafting_table":2,"minecraft:kelp":3,"minecraft:wheat_seeds":1,"minecraft:mossy_stone_bricks":3,"lightmanscurrency:coin_iron":1,"minecraft:mossy_stone_brick_stairs":1,"minecraft:oak_planks":1,"cte_essentials:plate_0_chestplate":1,"minecraft:book":60,"minecraft:oak_slab":8,"minecraft:pumpkin":14,"minecraft:chiseled_stone_bricks":2,"crabbersdelight:crab":1,"betterarcheology:artifact_shards":1,"minecraft:spyglass":1,"minecraft:gravel":10,"minecraft:sand":8,"minecraft:stripped_spruce_log":7,"roe_weapons:axe_0":1,"minecraft:white_bed":4,"minecraft:dead_bush":1,"minecraft:spectral_arrow":1,"biomeswevegone:ebony_log":8,"lightmanscurrency:coin_copper":4,"minecraft:soul_lantern":1,"botania:orange_mystical_flower":1,"minecraft:iron_helmet":1,"minecraft:emerald":6,"alexsmobs:maggot":2,"minecraft:oak_sapling":3,"born_in_chaos_v1:rotten_fish":4,"roe_weapons:totem_1":1,"minecraft:coal":41,"minecraft:crimson_roots":1}},"DataVersion":3465}