{"stats":{"minecraft:crafted":{"mmorpg:stone/1":3,"minecraft:oak_door":5,"minecraft:oak_planks":47,"biomeswevegone:florus_crafting_table":1,"minecraft:stone_shovel":1,"mmorpg:stone/2":1,"biomeswevegone:florus_planks":10,"minecraft:stone_pickaxe":1,"minecraft:chest":1,"sophisticatedbackpacks:iron_backpack":1,"biomeswevegone:ebony_planks":23,"minecraft:crafting_table":3,"minecraft:spruce_planks":20,"minecraft:spruce_door":3,"sophisticatedbackpacks:gold_backpack":1,"minecraft:stone_axe":1,"minecraft:air":222,"minecraft:oak_boat":3,"minecraft:stick":12,"minecraft:iron_ingot":2,"minecraft:gold_ingot":2,"biomeswevegone:ebony_crafting_table":1,"minecraft:white_bed":3,"minecraft:acacia_planks":2,"minecraft:torch":6},"minecraft:mined":{"minecraft:yellow_terracotta":2,"biomeswevegone:lush_dirt":1,"minecraft:white_bed":4,"blue_skies:moonstone":3,"minecraft:brewing_stand":1,"minecraft:potted_dead_bush":1,"minecraft:grass_block":6,"minecraft:acacia_log":3,"minecraft:redstone_wire":26,"minecraft:spruce_leaves":7,"projectvibrantjourneys:watergrass":1,"minecraft:chiseled_stone_bricks":2,"minecraft:tall_seagrass":4,"minecraft:barrel":1,"minecraft:iron_ore":4,"minecraft:fire":4,"biomeswevegone:rose_petal_block":1,"minecraft:andesite":1,"minecraft:green_terracotta":3,"minecraft:stripped_spruce_log":8,"minecraft:pumpkin":7,"biomeswevegone:orange_daisy":1,"minecraft:mossy_stone_brick_stairs":1,"minecraft:bookshelf":20,"biomeswevegone:ebony_log":8,"minecraft:vine":2,"minecraft:oak_stairs":1,"illagerinvasion:magic_fire":10,"botania:light_blue_mystical_flower":4,"minecraft:stone":13,"minecraft:bone_block":31,"minecraft:white_wool":12,"minecraft:oak_slab":6,"botania:orange_mystical_flower":1,"biomeswevegone:silver_maple_leaves":7,"minecraft:red_bed":1,"minecraft:torch":1,"biomeswevegone:peat":1,"projectvibrantjourneys:twigs":1,"minecraft:calcite":4,"minecraft:melon":1,"minecraft:tall_grass":1,"minecraft:cobblestone":15,"minecraft:lily_pad":1,"minecraft:oak_planks":5,"minecraft:spruce_stairs":1,"minecraft:skeleton_skull":4,"minecraft:seagrass":3,"biomeswevegone:florus_stem":7,"minecraft:repeater":26,"minecraft:coarse_dirt":3,"betterarcheology:loot_vase_creeper":3,"minecraft:spruce_log":13,"biomeswevegone:ebony_crafting_table":2,"minecraft:stone_brick_stairs":2,"minecraft:smooth_stone_slab":3,"biomeswevegone:florus_crafting_table":1,"minecraft:grass":4,"minecraft:oak_log":23,"minecraft:coal_ore":37,"projectvibrantjourneys:short_grass":4,"minecraft:dirt":54,"minecraft:gravel":18,"minecraft:sand":8,"minecraft:cobweb":23,"minecraft:cracked_stone_bricks":3,"minecraft:stone_bricks":24,"minecraft:mossy_stone_bricks":4,"minecraft:oak_leaves":47,"minecraft:fern":2,"minecraft:suspicious_gravel":1},"minecraft:killed_by":{"minecraft:silverfish":9,"monsterplus:overgrown_skeleton":1,"minecraft:zombie":2},"minecraft:custom":{"minecraft:blood":0,"lootr:looted_stat":84,"minecraft:mob_kills":118,"minecraft:interact_with_crafting_table":20,"minecraft:open_barrel":45,"minecraft:damage_dealt_resisted":0,"minecraft:leave_game":3,"minecraft:time_since_death":46039,"minecraft:climb_one_cm":21332,"minecraft:damage_resisted":0,"minecraft:mana":173,"minecraft:magic_shield":94,"minecraft:sprint_one_cm":352262,"minecraft:walk_one_cm":618657,"minecraft:drop":27,"minecraft:health":325,"minecraft:play_time":260106,"minecraft:deaths":12,"minecraft:sneak_time":5575,"minecraft:walk_under_water_one_cm":34915,"minecraft:boat_one_cm":652938,"minecraft:jump":1617,"minecraft:energy":173,"minecraft:walk_on_water_one_cm":24122,"minecraft:total_world_time":260106,"minecraft:interact_with_furnace":1,"minecraft:tune_noteblock":9,"minecraft:sleep_in_bed":7,"minecraft:levels_gained":13,"minecraft:time_since_rest":6000,"minecraft:damage_taken":7134,"minecraft:damage_absorbed":385,"minecraft:damage_dealt":12228,"minecraft:fly_one_cm":152044,"minecraft:swim_one_cm":31944,"minecraft:open_chest":6,"minecraft:crouch_one_cm":13453,"waystones:waystone_activated":3,"minecraft:fall_one_cm":30658},"minecraft:broken":{"minecraft:stone_pickaxe":1,"cte_essentials:plate_0_chestplate":1,"cte_essentials:plate_0_boots":1},"minecraft:killed":{"minecraft:witch":1,"alexsmobs:raccoon":1,"minecraft:spider":5,"minecraft:vindicator":2,"illagerinvasion:marauder":1,"illagerinvasion:basher":2,"born_in_chaos_v1:maggot":8,"born_in_chaos_v1:baby_spider":2,"minecraft:skeleton":6,"monsterplus:glow_skeleton":2,"minecraft:silverfish":54,"minecraft:drowned":3,"alexsmobs:skelewag":1,"crabbersdelight:crab":1,"alexsmobs:flying_fish":1,"born_in_chaos_v1:barrel_zombie":1,"born_in_chaos_v1:baby_skeleton":1,"creeperoverhaul:spruce_creeper":2,"born_in_chaos_v1:decrepit_skeleton":2,"minecraft:pillager":6,"born_in_chaos_v1:zombie_fisherman":1,"minecraft:zombie":8,"born_in_chaos_v1:dread_hound":1,"born_in_chaos_v1:corpse_fly":2,"minecraft:stray":1,"alexsmobs:fly":1},"minecraft:dropped":{"alexsmobs:shark_tooth_arrow":1,"minecraft:wheat_seeds":1,"outer_end:cobalt_crystal_arrow":1,"minecraft:feather":8,"the_harvest:harvest_map":1,"minecraft:spectral_arrow":1,"minecraft:spruce_door":2,"projectvibrantjourneys:orange_bark_mushroom":1,"minecraft:stick":6,"illagerinvasion:platinum_chunk":4,"cte_essentials:leather_1_leggings":1,"roe_weapons:crossbow_5":1,"minecraft:lily_pad":1,"minecraft:gold_ingot":2,"roe_weapons:crossbow_1":1,"minecraft:spyglass":1,"supplementaries:ash":1,"botania:lexicon":1,"minecraft:skeleton_skull":1,"minecraft:oak_sapling":2,"doggytalents:rice_grains":1,"minecraft:arrow":111},"minecraft:used":{"minecraft:iron_bars":1,"minecraft:flint_and_steel":4,"roe_weapons:greatsword_2":179,"minecraft:stone_shovel":96,"minecraft:redstone":12,"minecraft:ladder":1,"minecraft:chest":1,"minecraft:spruce_planks":49,"roe_weapons:dagger_1":11,"minecraft:oak_door":3,"roe_weapons:kunai_1":2,"minecraft:torch":25,"minecraft:dirt":33,"minecraft:spyglass":37,"minecraft:spruce_stairs":1,"biomeswevegone:rose_petal_block":1,"minecraft:stone_bricks":16,"minecraft:barrel":2,"minecraft:repeater":4,"roe_weapons:sword_2":176,"biomeswevegone:lush_dirt":1,"biomeswevegone:florus_crafting_table":2,"biomeswevegone:orange_daisy":1,"blue_skies:moonstone":1,"minecraft:spruce_door":1,"minecraft:stone_pickaxe":132,"minecraft:oak_planks":47,"botania:orange_mystical_flower":1,"minecraft:cracked_stone_bricks":1,"minecraft:white_wool":10,"minecraft:sand":4,"minecraft:oak_slab":2,"minecraft:crafting_table":3,"minecraft:red_bed":1,"minecraft:white_bed":7,"biomeswevegone:florus_planks":6,"biomeswevegone:ebony_planks":16,"minecraft:bread":7,"minecraft:iron_pickaxe":30,"minecraft:gravel":5,"minecraft:stone_axe":110,"biomeswevegone:ebony_crafting_table":2,"minecraft:fishing_rod":3,"minecraft:cobblestone":21,"minecraft:pumpkin_pie":2,"minecraft:oak_boat":8,"minecraft:experience_bottle":10},"minecraft:picked_up":{"born_in_chaos_v1:charmof_stealth":1,"blue_skies:blue_journal":1,"illagerinvasion:platinum_chunk":9,"minecraft:leather_leggings":3,"minecraft:ladder":1,"roe_weapons:crossbow_1":1,"biomeswevegone:orange_daisy":1,"minecraft:gold_block":1,"minecraft:potion":1,"minecraft:stone_brick_stairs":2,"minecraft:brewing_stand":1,"minecraft:red_bed":1,"cte_essentials:cloth_0_leggings":1,"minecraft:string":25,"minecraft:moss_carpet":4,"minecraft:smooth_stone_slab":3,"minecraft:cracked_stone_bricks":2,"minecraft:gold_nugget":7,"roe_weapons:shield_1":1,"minecraft:oak_boat":6,"born_in_chaos_v1:gnawed_bones":1,"minecraft:calcite":1,"minecraft:iron_nugget":12,"minecraft:melon_slice":6,"outer_end:cobalt_crystal_arrow":1,"botania:lexicon":1,"mmorpg:skill_gems/support/dex":1,"minecraft:raw_iron":4,"minecraft:stick":3,"born_in_chaos_v1:shattered_skull":1,"cte_essentials:cloth_0_chestplate":1,"minecraft:torch":1,"alexsmobs:shark_tooth_arrow":1,"projectvibrantjourneys:bark_mushroom":2,"biomeswevegone:rose_petal_block":1,"mmorpg:currency/upgrade_common_affix":1,"minecraft:acacia_log":2,"minecraft:spruce_stairs":1,"born_in_chaos_v1:pileof_dark_metal":1,"biomeswevegone:florus_crafting_table":1,"mmorpg:jewelry/necklace/iron":2,"born_in_chaos_v1:charmof_endurance":1,"born_in_chaos_v1:pieceofdarkmetal":5,"minecraft:carrot":6,"minecraft:redstone":26,"roe_weapons:gauntlet_0":1,"minecraft:green_terracotta":2,"the_harvest:harvest_map":1,"roe_weapons:dagger_0":1,"minecraft:arrow":27,"minecraft:rotten_flesh":18,"biomeswevegone:florus_stem":7,"minecraft:yellow_terracotta":2,"supplementaries:ash":2,"minecraft:glow_berries":2,"minecraft:bone_block":31,"minecraft:cod":1,"minecraft:skeleton_skull":4,"minecraft:white_wool":9,"minecraft:cobblestone":31,"born_in_chaos_v1:corpse_maggot":6,"biomeswevegone:lush_dirt":1,"minecraft:air":0,"minecraft:repeater":30,"minecraft:glow_ink_sac":1,"minecraft:andesite":1,"cte_essentials:leather_0_helmet":1,"mmorpg:gems/azurite/0":1,"blue_skies:moonstone":3,"doggytalents:rice_grains":1,"biomeswevegone:peat":1,"minecraft:flint":2,"minecraft:lily_pad":35,"minecraft:oak_log":23,"minecraft:waxed_copper_block":5,"minecraft:gunpowder":2,"minecraft:lapis_lazuli":9,"minecraft:dirt":39,"born_in_chaos_v1:monster_skin":1,"minecraft:leather_boots":1,"minecraft:bone":12,"biomeswevegone:ebony_crafting_table":2,"minecraft:stone_bricks":20,"minecraft:kelp":3,"minecraft:wheat_seeds":2,"minecraft:mossy_stone_bricks":3,"lightmanscurrency:coin_iron":1,"minecraft:mossy_stone_brick_stairs":2,"minecraft:oak_planks":5,"cte_essentials:plate_0_chestplate":1,"minecraft:book":60,"minecraft:oak_slab":8,"minecraft:pumpkin":14,"minecraft:chiseled_stone_bricks":2,"crabbersdelight:crab":1,"born_in_chaos_v1:ethereal_spirit":3,"betterarcheology:artifact_shards":1,"minecraft:spyglass":1,"minecraft:gravel":11,"minecraft:sand":8,"minecraft:barrel":1,"minecraft:spruce_door":1,"minecraft:stripped_spruce_log":7,"minecraft:spider_eye":1,"minecraft:spruce_log":13,"roe_weapons:axe_0":1,"minecraft:white_bed":4,"minecraft:dead_bush":1,"minecraft:spectral_arrow":1,"minecraft:leather_helmet":1,"biomeswevegone:ebony_log":8,"lightmanscurrency:coin_copper":4,"minecraft:soul_lantern":1,"botania:orange_mystical_flower":1,"minecraft:iron_helmet":1,"minecraft:emerald":6,"projectvibrantjourneys:orange_bark_mushroom":1,"alexsmobs:maggot":2,"minecraft:oak_sapling":3,"born_in_chaos_v1:rotten_fish":4,"roe_weapons:totem_1":1,"minecraft:coal":41,"minecraft:crimson_roots":1}},"DataVersion":3465}