{"stats":{"minecraft:custom":{"minecraft:time_since_rest":12403,"minecraft:blood":0,"minecraft:magic_shield":0,"minecraft:crouch_one_cm":64,"minecraft:play_time":12403,"minecraft:sprint_one_cm":43709,"minecraft:damage_absorbed":197,"minecraft:damage_taken":388,"minecraft:walk_one_cm":39613,"minecraft:sneak_time":8,"minecraft:mob_kills":3,"minecraft:jump":236,"minecraft:energy":70,"minecraft:damage_dealt":245,"minecraft:health":132,"minecraft:time_since_death":12403,"minecraft:walk_on_water_one_cm":2100,"minecraft:total_world_time":12403,"minecraft:levels_gained":3,"minecraft:mana":70,"minecraft:fall_one_cm":8041,"minecraft:fly_one_cm":39266},"minecraft:mined":{"minecraft:hay_block":8,"projectvibrantjourneys:short_grass":2,"minecraft:sand":2,"minecraft:birch_log":7},"minecraft:killed":{"minecraft:chicken":2,"minecraft:cow":1},"minecraft:used":{"minecraft:birch_log":1},"minecraft:picked_up":{"biomeswevegone:flower_patch":2,"minecraft:birch_log":7,"minecraft:feather":1,"minecraft:chicken":2,"minecraft:hay_block":8,"minecraft:sand":2,"minecraft:dirt":45,"biomeswevegone:white_puffball_spores":1,"biomeswevegone:clover_patch":2}},"DataVersion":3465}