{"stats":{"minecraft:broken":{"minecraft:leather_boots":1,"cte_essentials:cloth_0_chestplate":1,"cte_essentials:leather_0_leggings":1},"minecraft:used":{"mmorpg:gear_crafting_station":1,"minecraft:wooden_pickaxe":13,"minecraft:white_wool":1,"minecraft:dirt":3,"mmorpg:salvaging_station":1,"roe_weapons:spear_1":13,"roe_weapons:staff_0":19,"minecraft:wooden_axe":16,"minecraft:bread":3,"minecraft:coarse_dirt":1},"minecraft:killed_by":{"born_in_chaos_v1:siamese_skeletons":1,"born_in_chaos_v1:swarmer":1,"born_in_chaos_v1:zombie_bruiser":1,"born_in_chaos_v1:corpse_fly":1},"minecraft:killed":{"born_in_chaos_v1:bonescaller":1,"born_in_chaos_v1:swarmer":1,"born_in_chaos_v1:skeleton_demoman":2,"alexsmobs:raccoon":1,"minecraft:spider":8,"alexsmobs:rhinoceros":2,"born_in_chaos_v1:siamese_skeletonsright":1,"minecraft:creeper":2,"born_in_chaos_v1:zombie_bruiser":1,"born_in_chaos_v1:baby_skeleton_minion":1,"born_in_chaos_v1:decrepit_skeleton":2,"born_in_chaos_v1:maggot":5,"minecraft:sheep":1,"minecraft:skeleton":8,"alexsmobs:gelada_monkey":2,"minecraft:zombie":5,"born_in_chaos_v1:dread_hound":3,"friendsandfoes:mauler":1,"minecraft:chicken":1,"born_in_chaos_v1:corpse_fly":10,"alexsmobs:gazelle":1,"born_in_chaos_v1:skeleton_thrasher":1,"born_in_chaos_v1:door_knight":1,"alexsmobs:kangaroo":1,"born_in_chaos_v1:siamese_skeletonsleft":1},"minecraft:crafted":{"minecraft:wooden_pickaxe":1,"minecraft:air":8,"minecraft:wooden_axe":1,"mmorpg:gear_crafting_station":1,"mmorpg:salvaging_station":1,"minecraft:acacia_planks":14},"minecraft:dropped":{"cte_essentials:leather_0_helmet":1,"roe_weapons:staff_0":1,"cte_essentials:cloth_0_helmet":1,"roe_weapons:shield_0":1,"minecraft:acacia_planks":1},"minecraft:mined":{"minecraft:acacia_leaves":3,"minecraft:acacia_log":15,"minecraft:grass_block":4,"minecraft:coarse_dirt":1,"minecraft:dirt":5,"minecraft:stone":13,"minecraft:white_wool":1,"mmorpg:station/gear_crafting":1},"minecraft:picked_up":{"born_in_chaos_v1:fused_bone":2,"born_in_chaos_v1:corpse_maggot":12,"minecraft:coarse_dirt":1,"minecraft:air":0,"minecraft:feather":2,"minecraft:chicken":1,"born_in_chaos_v1:monster_flesh":1,"cte_essentials:leather_0_helmet":1,"alexsmobs:acacia_blossom":1,"doggytalents:rice_grains":2,"roe_weapons:greatsword_1":1,"mmorpg:gear_crafting_station":1,"minecraft:gunpowder":5,"farmersdelight:tomato":11,"alexsmobs:gazelle_horn":1,"minecraft:string":2,"minecraft:dirt":9,"born_in_chaos_v1:monster_skin":1,"minecraft:bone":11,"chococraft:gysahl_green":4,"minecraft:iron_ingot":1,"roe_weapons:kunai_1":1,"lightmanscurrency:coin_iron":5,"minecraft:acacia_sapling":4,"roe_weapons:staff_0":1,"minecraft:egg":1,"minecraft:stick":10,"projectvibrantjourneys:bark_mushroom":1,"minecraft:acacia_log":15,"minecraft:spruce_stairs":2,"chococraft:gysahl_green_seeds":1,"roe_weapons:gauntlet_4":1,"lightmanscurrency:coin_copper":6,"alexsmobs:kangaroo_hide":1,"minecraft:arrow":7,"minecraft:rotten_flesh":17,"roe_weapons:crossbow_4":1,"farmersdelight:onion":17,"roe_weapons:hammer_1":1,"alexsmobs:kangaroo_meat":1,"minecraft:white_wool":10,"minecraft:cobblestone":13},"minecraft:custom":{"minecraft:blood":0,"lootr:looted_stat":57,"minecraft:interact_with_furnace":2,"minecraft:mob_kills":63,"minecraft:interact_with_crafting_table":6,"minecraft:open_barrel":9,"minecraft:time_since_death":64099,"minecraft:sleep_in_bed":3,"minecraft:damage_resisted":0,"minecraft:climb_one_cm":5253,"minecraft:mana":102,"minecraft:levels_gained":6,"minecraft:time_since_rest":37673,"minecraft:magic_shield":13,"minecraft:damage_absorbed":1141,"minecraft:sprint_one_cm":157808,"minecraft:damage_taken":1879,"minecraft:walk_one_cm":661049,"minecraft:drop":5,"minecraft:damage_dealt":1533,"minecraft:health":205,"minecraft:play_noteblock":6,"minecraft:swim_one_cm":4434,"minecraft:fly_one_cm":88020,"minecraft:crouch_one_cm":631,"waystones:waystone_activated":2,"minecraft:play_time":200561,"minecraft:deaths":4,"minecraft:sneak_time":241,"minecraft:walk_under_water_one_cm":4624,"minecraft:jump":967,"minecraft:energy":102,"minecraft:walk_on_water_one_cm":4044,"minecraft:total_world_time":200561,"minecraft:fall_one_cm":12521,"minecraft:horse_one_cm":288}},"DataVersion":3465}