{"stats":{"minecraft:crafted":{"biomeswevegone:florus_boat":1,"biomeswevegone:florus_crafting_table":1,"minecraft:crafting_table":2,"sophisticatedbackpacks:gold_backpack":1,"minecraft:birch_planks":20,"biomeswevegone:florus_planks":6,"biomeswevegone:zelkova_boat":1,"minecraft:air":20,"biomeswevegone:zelkova_crafting_table":1,"minecraft:stick":4,"minecraft:stone_pickaxe":1,"biomeswevegone:zelkova_planks":3,"minecraft:white_bed":1,"sophisticatedbackpacks:iron_backpack":1},"minecraft:mined":{"minecraft:spruce_leaves":4,"biomeswevegone:zelkova_log":3,"minecraft:hay_block":8,"biomeswevegone:florus_stem":3,"minecraft:birch_log":7,"biomeswevegone:fairy_slipper":1,"minecraft:grass":3,"projectvibrantjourneys:short_grass":4,"illagerinvasion:magic_fire":21,"minecraft:sand":2,"minecraft:dirt":3,"minecraft:white_wool":3},"minecraft:killed_by":{"minecraft:creeper":1,"minecraft:zombie":1,"born_in_chaos_v1:corpse_fish":1,"born_in_chaos_v1:corpse_fly":1,"minecraft:drowned":2},"minecraft:custom":{"minecraft:blood":0,"lootr:looted_stat":51,"minecraft:mob_kills":104,"minecraft:interact_with_crafting_table":11,"minecraft:open_barrel":4,"minecraft:damage_dealt_resisted":90,"minecraft:leave_game":2,"minecraft:time_since_death":73566,"minecraft:sleep_in_bed":3,"minecraft:climb_one_cm":15937,"minecraft:mana":160,"minecraft:levels_gained":12,"minecraft:time_since_rest":61606,"minecraft:magic_shield":12,"minecraft:sprint_one_cm":260190,"minecraft:walk_one_cm":499885,"minecraft:damage_taken":5544,"minecraft:damage_absorbed":1073,"minecraft:drop":34,"minecraft:damage_dealt":335,"minecraft:health":291,"minecraft:damage_dealt_absorbed":55,"minecraft:swim_one_cm":44551,"minecraft:fly_one_cm":158205,"minecraft:crouch_one_cm":369,"waystones:waystone_activated":3,"minecraft:play_time":176958,"minecraft:sneak_time":1181,"minecraft:deaths":8,"minecraft:walk_under_water_one_cm":46773,"minecraft:boat_one_cm":367516,"minecraft:jump":1431,"minecraft:energy":169,"minecraft:walk_on_water_one_cm":35864,"minecraft:total_world_time":176958,"minecraft:fall_one_cm":26259},"minecraft:broken":{"cte_essentials:plate_0_chestplate":1},"minecraft:killed":{"born_in_chaos_v1:barrel_zombie":1,"born_in_chaos_v1:bonescaller":1,"born_in_chaos_v1:zombie_lumberjack":1,"born_in_chaos_v1:restless_spirit":2,"born_in_chaos_v1:baby_skeleton":2,"born_in_chaos_v1:swarmer":3,"minecraft:spider":4,"alexsmobs:seal":4,"minecraft:vindicator":2,"illagerinvasion:marauder":1,"alexsmobs:seagull":1,"seadwellers:mermorph_cavern":1,"minecraft:creeper":3,"born_in_chaos_v1:decrepit_skeleton":2,"born_in_chaos_v1:maggot":3,"minecraft:skeleton":5,"born_in_chaos_v1:phantom_creeper_copy":1,"minecraft:pillager":17,"monsterplus:glow_skeleton":1,"born_in_chaos_v1:zombie_fisherman":1,"alexsmobs:blue_jay":1,"minecraft:zombie":6,"minecraft:chicken":2,"born_in_chaos_v1:corpse_fly":8,"alexsmobs:fly":1,"minecraft:drowned":6,"born_in_chaos_v1:corpse_fish":6,"alexsmobs:skelewag":2,"crabbersdelight:crab":6,"minecraft:cow":1},"minecraft:used":{"biomeswevegone:zelkova_boat":1,"minecraft:torch":8,"minecraft:dirt":13,"minecraft:crafting_table":2,"biomeswevegone:florus_boat":1,"minecraft:white_bed":1,"roe_weapons:bow_2":2,"minecraft:bread":5,"minecraft:fishing_rod":11,"minecraft:birch_log":1,"minecraft:pumpkin_pie":1,"biomeswevegone:zelkova_crafting_table":1,"roe_weapons:crossbow_1":14,"biomeswevegone:florus_crafting_table":1,"roe_weapons:crossbow_5":26},"minecraft:dropped":{"minecraft:birch_planks":6,"roe_weapons:dagger_1":1,"mmorpg:stone/0":11,"ancient_obelisks:obelisk_map":2,"roe_weapons:bow_0":1,"mmorpg:skill_gems/support/dex":4,"mmorpg:currency/sharpening_stone_0":3,"minecraft:book":1,"roe_weapons:greatsword_2":1,"roe_weapons:greatsword_0":1,"mmorpg:stone/1":3,"mmorpg:gems/tourmaline/0":1,"mmorpg:skill_gems/support/int":1,"minecraft:stick":2,"roe_weapons:crossbow_2":1,"mmorpg:currency/orb_of_quality":1,"roe_weapons:gauntlet_0":1,"mmorpg:currency/affix_number_reroll":1,"minecraft:coast_armor_trim_smithing_template":2,"cte_essentials:cloth_0_boots":1,"lightmanscurrency:coin_iron":15,"roe_weapons:spear_1":1,"minecraft:stone_pickaxe":1,"mmorpg:currency/extract_rune":1,"mmorpg:stone/2":2,"roe_weapons:crossbow_1":1,"cte_essentials:plate_0_helmet":1},"minecraft:picked_up":{"minecraft:birch_log":7,"born_in_chaos_v1:corpse_maggot":7,"minecraft:air":0,"minecraft:feather":1,"minecraft:dark_oak_button":1,"illagerinvasion:platinum_chunk":4,"minecraft:chicken":2,"born_in_chaos_v1:river_mint":1,"minecraft:glow_ink_sac":1,"minecraft:salmon":1,"born_in_chaos_v1:seedof_chaos":1,"minecraft:oak_stairs":1,"doggytalents:rice_grains":2,"minecraft:lily_pad":2,"minecraft:lantern":1,"minecraft:lapis_lazuli":1,"minecraft:string":10,"minecraft:dirt":68,"biomeswevegone:clover_patch":2,"minecraft:white_banner":1,"minecraft:coast_armor_trim_smithing_template":2,"minecraft:bone":5,"minecraft:wheat_seeds":1,"minecraft:stone_pickaxe":1,"minecraft:iron_ingot":8,"biomeswevegone:flower_patch":2,"alexsmobs:fish_bones":1,"ancient_obelisks:obelisk_map":2,"minecraft:pumpkin":4,"crabbersdelight:crab":3,"minecraft:torch":12,"born_in_chaos_v1:ethereal_spirit":2,"biomeswevegone:fairy_slipper":1,"minecraft:sand":2,"minecraft:spruce_sapling":1,"minecraft:redstone":3,"minecraft:spectral_arrow":1,"minecraft:spider_eye":2,"minecraft:arrow":84,"minecraft:rotten_flesh":7,"biomeswevegone:florus_stem":3,"minecraft:hay_block":8,"minecraft:crossbow":1,"minecraft:bone_meal":1,"minecraft:emerald":8,"biomeswevegone:zelkova_log":3,"biomeswevegone:white_puffball_spores":1,"minecraft:coal":1,"minecraft:cobblestone":6,"minecraft:white_wool":3}},"DataVersion":3465}