{"stats":{"minecraft:crafted":{"biomeswevegone:florus_crafting_table":1,"biomeswevegone:florus_planks":6,"biomeswevegone:zelkova_boat":1,"biomeswevegone:zelkova_crafting_table":1,"minecraft:stone_pickaxe":1,"sophisticatedbackpacks:iron_backpack":1,"biomeswevegone:florus_boat":1,"blue_skies:blue_journal":1,"minecraft:crafting_table":2,"sophisticatedbackpacks:gold_backpack":1,"minecraft:birch_planks":20,"minecraft:air":20,"minecraft:stick":4,"biomeswevegone:zelkova_planks":3,"minecraft:white_bed":1},"minecraft:mined":{"minecraft:spruce_planks":5,"minecraft:spruce_leaves":4,"minecraft:hay_block":8,"biomeswevegone:fairy_slipper":1,"illagerinvasion:magic_fire":21,"minecraft:white_wool":3,"biomeswevegone:zelkova_log":3,"minecraft:spruce_stairs":1,"biomeswevegone:florus_stem":3,"minecraft:birch_log":7,"minecraft:grass":6,"projectvibrantjourneys:short_grass":4,"minecraft:sand":2,"minecraft:dirt":3},"minecraft:killed_by":{"minecraft:creeper":1,"born_in_chaos_v1:corpse_fly":1,"minecraft:drowned":2,"minecraft:zombie":1,"born_in_chaos_v1:corpse_fish":1},"minecraft:custom":{"minecraft:blood":0,"lootr:looted_stat":54,"minecraft:mob_kills":108,"minecraft:interact_with_crafting_table":11,"minecraft:open_barrel":4,"minecraft:damage_dealt_resisted":90,"minecraft:leave_game":2,"minecraft:time_since_death":85566,"minecraft:climb_one_cm":16530,"minecraft:mana":160,"minecraft:magic_shield":12,"minecraft:sprint_one_cm":264312,"minecraft:walk_one_cm":544449,"minecraft:drop":37,"minecraft:health":291,"minecraft:damage_dealt_absorbed":55,"minecraft:talked_to_villager":2,"minecraft:play_time":188958,"minecraft:deaths":8,"minecraft:sneak_time":1181,"minecraft:walk_under_water_one_cm":46773,"minecraft:boat_one_cm":367516,"minecraft:jump":1463,"minecraft:energy":169,"minecraft:walk_on_water_one_cm":35864,"minecraft:total_world_time":188958,"minecraft:traded_with_villager":1,"minecraft:sleep_in_bed":3,"minecraft:levels_gained":12,"minecraft:time_since_rest":73606,"minecraft:damage_taken":5696,"minecraft:damage_absorbed":1081,"minecraft:damage_dealt":343,"minecraft:swim_one_cm":44551,"minecraft:fly_one_cm":159042,"minecraft:crouch_one_cm":369,"waystones:waystone_activated":3,"minecraft:fall_one_cm":26843},"minecraft:broken":{"cte_essentials:plate_0_chestplate":1},"minecraft:killed":{"born_in_chaos_v1:restless_spirit":2,"born_in_chaos_v1:zombie_lumberjack":1,"minecraft:vindicator":2,"minecraft:spider":4,"illagerinvasion:marauder":1,"alexsmobs:seagull":1,"born_in_chaos_v1:maggot":3,"minecraft:skeleton":8,"monsterplus:glow_skeleton":1,"alexsmobs:blue_jay":1,"minecraft:chicken":2,"born_in_chaos_v1:corpse_fish":6,"minecraft:drowned":6,"crabbersdelight:crab":6,"alexsmobs:skelewag":2,"born_in_chaos_v1:barrel_zombie":1,"born_in_chaos_v1:bonescaller":1,"born_in_chaos_v1:baby_skeleton":2,"born_in_chaos_v1:swarmer":3,"alexsmobs:seal":4,"seadwellers:mermorph_cavern":1,"minecraft:creeper":3,"born_in_chaos_v1:decrepit_skeleton":2,"born_in_chaos_v1:phantom_creeper_copy":1,"born_in_chaos_v1:zombie_fisherman":1,"minecraft:pillager":17,"minecraft:zombie":6,"born_in_chaos_v1:corpse_fly":9,"alexsmobs:fly":1,"minecraft:cow":1},"minecraft:used":{"minecraft:spruce_planks":4,"minecraft:torch":8,"minecraft:dirt":24,"biomeswevegone:florus_boat":1,"roe_weapons:bow_2":2,"biomeswevegone:zelkova_crafting_table":1,"biomeswevegone:florus_crafting_table":1,"biomeswevegone:zelkova_boat":1,"minecraft:crafting_table":2,"minecraft:white_bed":1,"minecraft:bread":5,"minecraft:fishing_rod":11,"minecraft:birch_log":1,"minecraft:pumpkin_pie":1,"roe_weapons:crossbow_1":14,"roe_weapons:crossbow_5":26},"minecraft:dropped":{"roe_weapons:dagger_1":1,"minecraft:birch_planks":6,"mmorpg:stone/0":11,"mmorpg:skill_gems/support/dex":4,"minecraft:book":1,"roe_weapons:shield_1":1,"mmorpg:stone/1":3,"mmorpg:gems/tourmaline/0":1,"cte_essentials:cloth_1_boots":1,"mmorpg:skill_gems/support/int":1,"minecraft:stick":2,"minecraft:coast_armor_trim_smithing_template":2,"roe_weapons:spear_1":1,"mmorpg:currency/extract_rune":1,"roe_weapons:crossbow_1":1,"cte_essentials:plate_0_helmet":1,"cte_essentials:leather_1_helmet":1,"ancient_obelisks:obelisk_map":2,"roe_weapons:bow_0":1,"mmorpg:currency/sharpening_stone_0":3,"roe_weapons:greatsword_2":1,"roe_weapons:greatsword_0":1,"roe_weapons:crossbow_2":1,"mmorpg:currency/orb_of_quality":1,"roe_weapons:gauntlet_0":1,"mmorpg:currency/affix_number_reroll":1,"cte_essentials:cloth_0_boots":1,"lightmanscurrency:coin_iron":15,"minecraft:stone_pickaxe":1,"mmorpg:stone/2":2},"minecraft:picked_up":{"illagerinvasion:platinum_chunk":4,"minecraft:chicken":2,"born_in_chaos_v1:river_mint":1,"born_in_chaos_v1:seedof_chaos":1,"minecraft:oak_stairs":1,"minecraft:string":10,"minecraft:spruce_planks":4,"ancient_obelisks:obelisk_map":2,"minecraft:torch":12,"minecraft:spruce_stairs":1,"minecraft:redstone":3,"minecraft:arrow":86,"minecraft:rotten_flesh":7,"biomeswevegone:florus_stem":3,"minecraft:hay_block":10,"minecraft:white_wool":3,"minecraft:cobblestone":6,"biomeswevegone:white_puffball_spores":1,"minecraft:birch_log":7,"born_in_chaos_v1:corpse_maggot":8,"minecraft:air":0,"minecraft:feather":1,"minecraft:dark_oak_button":1,"minecraft:glow_ink_sac":1,"minecraft:salmon":1,"doggytalents:rice_grains":2,"minecraft:lily_pad":2,"minecraft:lapis_lazuli":1,"minecraft:dirt":68,"biomeswevegone:clover_patch":2,"minecraft:lantern":1,"minecraft:white_banner":1,"minecraft:coast_armor_trim_smithing_template":2,"minecraft:bone":7,"minecraft:wheat_seeds":1,"minecraft:iron_ingot":8,"minecraft:stone_pickaxe":1,"biomeswevegone:flower_patch":2,"minecraft:pumpkin":4,"alexsmobs:fish_bones":1,"crabbersdelight:crab":3,"born_in_chaos_v1:ethereal_spirit":2,"biomeswevegone:fairy_slipper":1,"minecraft:sand":2,"minecraft:spruce_sapling":1,"minecraft:spectral_arrow":1,"minecraft:spider_eye":2,"minecraft:crossbow":1,"minecraft:bone_meal":1,"minecraft:emerald":8,"biomeswevegone:zelkova_log":3,"minecraft:coal":1}},"DataVersion":3465}