{"stats":{"minecraft:used":{"mmorpg:gear_crafting_station":1,"minecraft:stone_shovel":17,"minecraft:dirt":9,"roe_weapons:staff_0":25,"roe_weapons:gauntlet_0":156,"minecraft:wooden_axe":16,"roe_weapons:gauntlet_4":179,"minecraft:furnace":1,"minecraft:leather_leggings":1,"minecraft:stone_pickaxe":56,"minecraft:wooden_pickaxe":13,"minecraft:leather_chestplate":1,"minecraft:leather_boots":1,"minecraft:white_wool":1,"mmorpg:salvaging_station":1,"roe_weapons:spear_1":13,"minecraft:bread":3,"minecraft:coarse_dirt":2},"minecraft:broken":{"minecraft:leather_helmet":1,"cte_essentials:cloth_0_chestplate":1,"cte_essentials:leather_0_leggings":1,"minecraft:leather_boots":2,"cte_essentials:cloth_1_helmet":1},"minecraft:killed":{"born_in_chaos_v1:restless_spirit":3,"born_in_chaos_v1:skeleton_demoman":2,"alexsmobs:raccoon":1,"minecraft:spider":10,"born_in_chaos_v1:siamese_skeletonsright":1,"born_in_chaos_v1:zombie_bruiser":1,"born_in_chaos_v1:baby_skeleton_minion":1,"born_in_chaos_v1:maggot":7,"minecraft:skeleton":8,"friendsandfoes:mauler":1,"minecraft:chicken":1,"born_in_chaos_v1:skeleton_thrasher":2,"alexsmobs:kangaroo":1,"born_in_chaos_v1:spirit_guide":1,"born_in_chaos_v1:bonescaller":1,"minecraft:zombie_villager":1,"born_in_chaos_v1:baby_skeleton":1,"born_in_chaos_v1:swarmer":1,"born_in_chaos_v1:spirit_guide_assistant":3,"alexsmobs:rhinoceros":3,"minecraft:creeper":2,"born_in_chaos_v1:decrepit_skeleton":4,"minecraft:sheep":1,"alexsmobs:gelada_monkey":2,"mutantmonsters:creeper_minion":4,"minecraft:zombie":10,"born_in_chaos_v1:dread_hound":5,"born_in_chaos_v1:corpse_fly":10,"alexsmobs:gazelle":1,"mutantmonsters:mutant_zombie":1,"born_in_chaos_v1:door_knight":1,"born_in_chaos_v1:siamese_skeletonsleft":1,"minecraft:enderman":1},"minecraft:killed_by":{"mutantmonsters:mutant_zombie":1,"minecraft:stray":1,"born_in_chaos_v1:skeleton_thrasher":4,"born_in_chaos_v1:spirit_guide":1,"born_in_chaos_v1:swarmer":1,"born_in_chaos_v1:zombie_bruiser":1,"born_in_chaos_v1:corpse_fly":2,"mutantmonsters:mutant_creeper":1,"mutantmonsters:mutant_skeleton":1,"born_in_chaos_v1:siamese_skeletons":1,"minecraft:zombie":1,"born_in_chaos_v1:spirit_guide_assistant":1,"born_in_chaos_v1:dread_hound":4},"minecraft:dropped":{"roe_weapons:hammer_2":1,"roe_weapons:staff_0":1,"minecraft:acacia_planks":1,"cte_essentials:leather_0_helmet":1,"cte_essentials:cloth_0_helmet":1,"roe_weapons:shield_0":1},"minecraft:crafted":{"minecraft:stone_shovel":1,"minecraft:furnace":1,"minecraft:glass":3,"minecraft:leather":2,"minecraft:stone_pickaxe":1,"minecraft:glass_bottle":3,"minecraft:wooden_pickaxe":1,"minecraft:air":8,"mmorpg:soul_extractor/uncommon":1,"minecraft:wooden_axe":1,"mmorpg:gear_crafting_station":1,"mmorpg:salvaging_station":1,"minecraft:acacia_planks":14},"minecraft:mined":{"minecraft:granite":1,"minecraft:acacia_log":15,"minecraft:grass_block":4,"minecraft:stone":50,"minecraft:white_wool":2,"mmorpg:station/gear_crafting":1,"minecraft:acacia_leaves":3,"minecraft:tall_grass":1,"minecraft:coarse_dirt":2,"minecraft:grass":1,"minecraft:coal_ore":18,"minecraft:sand":17,"minecraft:dirt":5},"minecraft:picked_up":{"minecraft:coarse_dirt":3,"minecraft:chicken":1,"born_in_chaos_v1:seedof_chaos":2,"mmorpg:gear_crafting_station":1,"minecraft:chain":3,"alexsmobs:gazelle_horn":1,"minecraft:string":4,"roe_weapons:shield_1":1,"roe_weapons:sword_5":1,"roe_weapons:dagger_5":1,"minecraft:egg":1,"minecraft:stick":10,"mmorpg:material/mining/0":1,"born_in_chaos_v1:shattered_skull":2,"projectvibrantjourneys:bark_mushroom":2,"minecraft:acacia_log":15,"minecraft:spruce_stairs":2,"farmersdelight:tomato_seeds":1,"born_in_chaos_v1:pieceofdarkmetal":5,"roe_weapons:gauntlet_4":1,"minecraft:arrow":7,"minecraft:rotten_flesh":30,"farmersdelight:onion":17,"mmorpg:currency/affix_common_reroll":1,"roe_weapons:hammer_1":1,"alexsmobs:kangaroo_meat":1,"minecraft:white_wool":11,"minecraft:cobblestone":50,"born_in_chaos_v1:fused_bone":2,"born_in_chaos_v1:corpse_maggot":13,"minecraft:air":0,"minecraft:feather":2,"born_in_chaos_v1:monster_flesh":3,"cte_essentials:leather_0_helmet":1,"alexsmobs:acacia_blossom":1,"doggytalents:rice_grains":2,"roe_weapons:greatsword_1":1,"minecraft:gunpowder":9,"farmersdelight:tomato":11,"minecraft:dirt":9,"born_in_chaos_v1:monster_skin":2,"born_in_chaos_v1:marigolds":6,"minecraft:bone":19,"chococraft:gysahl_green":4,"minecraft:iron_ingot":2,"roe_weapons:kunai_1":1,"lightmanscurrency:coin_iron":13,"roe_weapons:staff_0":1,"minecraft:acacia_sapling":4,"roe_weapons:hammer_2":3,"born_in_chaos_v1:ethereal_spirit":5,"minecraft:sand":17,"chococraft:gysahl_green_seeds":1,"lightmanscurrency:coin_copper":27,"alexsmobs:kangaroo_hide":1,"roe_weapons:crossbow_4":1,"mmorpg:gems/ruby/0":1,"minecraft:granite":1,"minecraft:coal":18,"minecraft:ender_pearl":1},"minecraft:custom":{"minecraft:interact_with_smithing_table":1,"minecraft:blood":0,"lootr:looted_stat":91,"minecraft:mob_kills":95,"minecraft:interact_with_crafting_table":15,"minecraft:open_barrel":9,"minecraft:damage_dealt_resisted":1501,"minecraft:leave_game":1,"minecraft:time_since_death":31350,"minecraft:climb_one_cm":5253,"minecraft:damage_resisted":0,"minecraft:mana":70,"minecraft:magic_shield":0,"minecraft:sprint_one_cm":306483,"minecraft:walk_one_cm":1141036,"minecraft:drop":6,"minecraft:health":154,"minecraft:play_noteblock":6,"minecraft:play_time":378669,"minecraft:deaths":21,"minecraft:sneak_time":242,"minecraft:walk_under_water_one_cm":4624,"minecraft:jump":1572,"minecraft:energy":75,"minecraft:interact_with_blast_furnace":11,"minecraft:walk_on_water_one_cm":4044,"minecraft:total_world_time":378669,"minecraft:interact_with_furnace":6,"minecraft:interact_with_loom":1,"minecraft:interact_with_stonecutter":1,"minecraft:sleep_in_bed":10,"minecraft:levels_gained":3,"minecraft:time_since_rest":31387,"minecraft:damage_taken":7380,"minecraft:damage_absorbed":1454,"minecraft:damage_dealt":5615,"minecraft:swim_one_cm":4434,"minecraft:fly_one_cm":158585,"minecraft:crouch_one_cm":631,"waystones:waystone_activated":2,"minecraft:fall_one_cm":19592,"minecraft:horse_one_cm":288}},"DataVersion":3465}