{"stats":{"minecraft:crafted":{"biomeswevegone:florus_crafting_table":1,"biomeswevegone:florus_planks":6,"biomeswevegone:zelkova_boat":1,"biomeswevegone:zelkova_crafting_table":1,"minecraft:stone_pickaxe":1,"sophisticatedbackpacks:iron_backpack":1,"biomeswevegone:florus_boat":1,"blue_skies:blue_journal":1,"minecraft:crafting_table":2,"sophisticatedbackpacks:gold_backpack":1,"minecraft:birch_planks":20,"minecraft:air":20,"minecraft:stick":4,"biomeswevegone:zelkova_planks":3,"minecraft:white_bed":1},"minecraft:mined":{"minecraft:spruce_planks":5,"minecraft:spruce_leaves":4,"minecraft:hay_block":8,"biomeswevegone:fairy_slipper":1,"illagerinvasion:magic_fire":21,"minecraft:stone":4,"minecraft:white_wool":3,"minecraft:stone_brick_slab":2,"biomeswevegone:zelkova_log":3,"minecraft:spruce_stairs":1,"biomeswevegone:florus_stem":3,"minecraft:birch_log":7,"minecraft:birch_leaves":1,"minecraft:stone_brick_stairs":1,"minecraft:grass":6,"projectvibrantjourneys:short_grass":4,"minecraft:sand":2,"minecraft:dirt":3,"minecraft:spruce_fence_gate":2,"minecraft:stone_bricks":8},"minecraft:killed_by":{"minecraft:creeper":1,"born_in_chaos_v1:corpse_fly":1,"minecraft:drowned":2,"minecraft:silverfish":5,"minecraft:zombie":3,"born_in_chaos_v1:corpse_fish":1},"minecraft:custom":{"minecraft:blood":0,"lootr:looted_stat":84,"minecraft:mob_kills":304,"minecraft:interact_with_crafting_table":11,"minecraft:open_barrel":10,"minecraft:damage_dealt_resisted":111,"minecraft:leave_game":2,"minecraft:time_since_death":1915,"minecraft:climb_one_cm":24048,"minecraft:damage_resisted":0,"minecraft:mana":170,"minecraft:magic_shield":0,"minecraft:sprint_one_cm":321015,"minecraft:walk_one_cm":739941,"minecraft:drop":63,"minecraft:health":313,"minecraft:damage_dealt_absorbed":55,"minecraft:talked_to_villager":2,"minecraft:play_time":254958,"minecraft:deaths":15,"minecraft:sneak_time":1516,"minecraft:walk_under_water_one_cm":46816,"minecraft:interact_with_lectern":1,"minecraft:boat_one_cm":367516,"minecraft:jump":1737,"minecraft:energy":170,"minecraft:walk_on_water_one_cm":37991,"minecraft:total_world_time":254958,"minecraft:traded_with_villager":1,"minecraft:sleep_in_bed":5,"minecraft:levels_gained":13,"minecraft:time_since_rest":1954,"minecraft:damage_taken":9090,"minecraft:damage_absorbed":1115,"minecraft:damage_dealt":354,"minecraft:swim_one_cm":51329,"minecraft:fly_one_cm":174206,"minecraft:crouch_one_cm":1347,"waystones:waystone_activated":3,"minecraft:fall_one_cm":33060,"minecraft:horse_one_cm":9062},"minecraft:killed":{"born_in_chaos_v1:restless_spirit":3,"born_in_chaos_v1:zombie_lumberjack":3,"born_in_chaos_v1:skeleton_demoman":1,"minecraft:vindicator":2,"minecraft:spider":4,"illagerinvasion:marauder":1,"alexsmobs:seagull":1,"born_in_chaos_v1:zombie_bruiser":2,"born_in_chaos_v1:baby_skeleton_minion":2,"born_in_chaos_v1:maggot":3,"minecraft:skeleton":26,"monsterplus:glow_skeleton":1,"alexsmobs:blue_jay":1,"minecraft:chicken":2,"minecraft:silverfish":139,"born_in_chaos_v1:corpse_fish":6,"minecraft:drowned":6,"crabbersdelight:crab":6,"alexsmobs:skelewag":2,"born_in_chaos_v1:barrel_zombie":1,"born_in_chaos_v1:bonescaller":2,"born_in_chaos_v1:baby_skeleton":4,"born_in_chaos_v1:swarmer":3,"alexsmobs:seal":4,"seadwellers:mermorph_cavern":1,"minecraft:creeper":3,"born_in_chaos_v1:decrepit_skeleton":4,"born_in_chaos_v1:phantom_creeper_copy":1,"born_in_chaos_v1:zombie_fisherman":1,"minecraft:pillager":17,"minecraft:zombie":22,"born_in_chaos_v1:corpse_fly":13,"minecraft:stray":1,"alexsmobs:fly":3,"minecraft:cow":1},"minecraft:broken":{"minecraft:leather_helmet":1,"minecraft:leather_chestplate":1,"cte_essentials:plate_0_chestplate":1,"cte_essentials:plate_0_boots":1},"minecraft:used":{"minecraft:spruce_planks":4,"minecraft:torch":8,"minecraft:dirt":67,"minecraft:spyglass":6,"biomeswevegone:florus_boat":1,"roe_weapons:bow_2":4,"biomeswevegone:zelkova_crafting_table":1,"biomeswevegone:florus_crafting_table":1,"minecraft:stone_pickaxe":15,"biomeswevegone:zelkova_boat":1,"minecraft:crafting_table":2,"minecraft:white_bed":1,"minecraft:bread":7,"minecraft:fishing_rod":11,"minecraft:birch_log":1,"minecraft:pumpkin_pie":1,"roe_weapons:crossbow_1":14,"roe_weapons:crossbow_5":37},"minecraft:dropped":{"roe_weapons:totem_0":1,"roe_weapons:dagger_1":1,"minecraft:birch_planks":6,"mmorpg:stone/0":20,"minecraft:diamond":1,"mmorpg:skill_gems/support/dex":4,"mmorpg:runes/ita":2,"the_harvest:harvest_map":1,"minecraft:book":1,"roe_weapons:shield_1":1,"mmorpg:jewel/int":1,"mmorpg:stone/1":3,"mmorpg:gems/tourmaline/0":1,"cte_essentials:cloth_1_boots":1,"mmorpg:skill_gems/support/int":1,"minecraft:stick":2,"mmorpg:currency/affix_common_reroll":1,"mmorpg:runes/toq":1,"mmorpg:potion/health/1":1,"minecraft:coast_armor_trim_smithing_template":2,"minecraft:diamond_helmet":1,"roe_weapons:spear_1":2,"mmorpg:currency/extract_rune":1,"minecraft:fishing_rod":1,"minecraft:gold_ingot":2,"roe_weapons:crossbow_1":1,"cte_essentials:plate_0_helmet":1,"cte_essentials:leather_1_helmet":1,"ancient_obelisks:obelisk_map":3,"roe_weapons:bow_0":1,"roe_weapons:sword_0":1,"mmorpg:currency/sharpening_stone_1":1,"mmorpg:currency/sharpening_stone_0":3,"mmorpg:runes/xer":1,"roe_weapons:greatsword_2":1,"roe_weapons:greatsword_0":1,"mmorpg:potion/resource/0":1,"roe_weapons:crossbow_2":1,"mmorpg:currency/orb_of_quality":2,"roe_weapons:axe_0":1,"roe_weapons:gauntlet_0":1,"minecraft:diamond_chestplate":1,"mmorpg:currency/affix_number_reroll":2,"cte_essentials:cloth_0_boots":1,"lightmanscurrency:coin_iron":16,"minecraft:stone_pickaxe":1,"mmorpg:stone/2":2,"mmorpg:runes/har":1},"minecraft:picked_up":{"minecraft:fishing_rod":1,"blue_skies:blue_journal":1,"illagerinvasion:platinum_chunk":4,"minecraft:chicken":2,"born_in_chaos_v1:river_mint":1,"born_in_chaos_v1:seedof_chaos":1,"minecraft:oak_stairs":1,"minecraft:stone_brick_stairs":1,"minecraft:string":11,"minecraft:cracked_stone_bricks":2,"minecraft:spruce_planks":4,"minecraft:mangrove_log":2,"mmorpg:potion/health/1":1,"ancient_obelisks:obelisk_map":3,"minecraft:torch":12,"minecraft:spruce_stairs":1,"minecraft:carrot":1,"minecraft:redstone":3,"the_harvest:harvest_map":1,"minecraft:diamond_chestplate":1,"minecraft:arrow":92,"minecraft:rotten_flesh":24,"biomeswevegone:florus_stem":3,"minecraft:hay_block":10,"minecraft:gold_ingot":2,"minecraft:white_wool":3,"minecraft:cobblestone":10,"biomeswevegone:white_puffball_spores":1,"minecraft:birch_log":8,"born_in_chaos_v1:corpse_maggot":8,"minecraft:leather_chestplate":1,"minecraft:air":0,"minecraft:feather":1,"minecraft:dark_oak_button":1,"minecraft:glow_ink_sac":1,"minecraft:salmon":1,"doggytalents:rice_grains":3,"minecraft:lily_pad":2,"mmorpg:potion/resource/0":1,"minecraft:lapis_lazuli":1,"minecraft:dirt":68,"biomeswevegone:clover_patch":2,"minecraft:lantern":1,"minecraft:white_banner":1,"minecraft:coast_armor_trim_smithing_template":2,"minecraft:bone":14,"minecraft:stone_bricks":13,"minecraft:wheat_seeds":1,"minecraft:iron_ingot":9,"minecraft:stone_pickaxe":1,"minecraft:diamond_helmet":1,"biomeswevegone:flower_patch":2,"minecraft:pumpkin":4,"alexsmobs:fish_bones":1,"crabbersdelight:crab":3,"minecraft:stone_brick_slab":2,"born_in_chaos_v1:ethereal_spirit":2,"biomeswevegone:fairy_slipper":1,"minecraft:sand":2,"minecraft:spruce_sapling":1,"minecraft:spectral_arrow":1,"minecraft:spider_eye":2,"minecraft:leather_helmet":1,"minecraft:spruce_fence_gate":2,"minecraft:diamond":1,"minecraft:crossbow":1,"minecraft:bone_meal":1,"minecraft:emerald":8,"biomeswevegone:zelkova_log":3,"minecraft:coal":1}},"DataVersion":3465}