{
	"level_seeds": [
		{
			"dim": "mmorpg:dungeon",
			"seed": -573556222730598848
		},
		{
			"dim": "blue_skies:everdawn",
			"seed": -573556222730598848
		},
		{
			"dim": "minecraft:the_end",
			"seed": -573556222730598848
		},
		{
			"dim": "deeperdarker:otherside",
			"seed": -573556222730598848
		},
		{
			"dim": "dungeon_realm:dungeon",
			"seed": -573556222730598848
		},
		{
			"dim": "the_harvest:harvest",
			"seed": -573556222730598848
		},
		{
			"dim": "ancient_obelisks:obelisk",
			"seed": -573556222730598848
		},
		{
			"dim": "minecraft:the_nether",
			"seed": -573556222730598848
		},
		{
			"dim": "undergarden:undergarden",
			"seed": -573556222730598848
		},
		{
			"dim": "minecraft:overworld",
			"seed": -573556222730598848
		},
		{
			"dim": "twilightforest:twilight_forest",
			"seed": -573556222730598848
		},
		{
			"dim": "blue_skies:everbright",
			"seed": -573556222730598848
		}
	],
	"structure_seeds": [
		{
			"dim": "mmorpg:dungeon",
			"seed": -573556222730598848
		},
		{
			"dim": "blue_skies:everdawn",
			"seed": -573556222730598848
		},
		{
			"dim": "minecraft:the_end",
			"seed": -573556222730598848
		},
		{
			"dim": "deeperdarker:otherside",
			"seed": -573556222730598848
		},
		{
			"dim": "dungeon_realm:dungeon",
			"seed": -573556222730598848
		},
		{
			"dim": "the_harvest:harvest",
			"seed": -573556222730598848
		},
		{
			"dim": "ancient_obelisks:obelisk",
			"seed": -573556222730598848
		},
		{
			"dim": "minecraft:the_nether",
			"seed": -573556222730598848
		},
		{
			"dim": "undergarden:undergarden",
			"seed": -573556222730598848
		},
		{
			"dim": "minecraft:overworld",
			"seed": -573556222730598848
		},
		{
			"dim": "twilightforest:twilight_forest",
			"seed": -573556222730598848
		},
		{
			"dim": "blue_skies:everbright",
			"seed": -573556222730598848
		}
	]
}